{
  "escenario": "sin_bloqueo_0grados",
  "timestamp": "2026-07-18T14:49:31.818372",
  "parametros": {
    "pitch_deg": 0.0,
    "fov_deg": 90.0,
    "rayos_analisis_por_fuente": 200000,
    "Popt_W": 2.0,
    "bandwidth_Hz": 10000000.0,
    "temperatura_K": 300.0,
    "R_min_bps": 5000000.0,
    "BER_max": 1e-06
  },
  "gamma_th1_servicio_minimo": 0.41421356237309515,
  "gamma_th2_servicio_objetivo": 22.59504265971009,
  "Pr_matrix_W": {
    "2": {
      "6": 0.02187999944726471,
      "7": 0.002289999942149734,
      "8": 0.00017999999545281753,
      "9": 5.999999848427251e-05
    },
    "3": {
      "6": 0.002499999936844688,
      "7": 0.021739999450801406,
      "8": 5.999999848427251e-05,
      "9": 3.9999998989515007e-05
    },
    "4": {
      "6": 0.00015999999595806003,
      "7": 8.999999772640876e-05,
      "8": 0.0217899994495383,
      "9": 0.002329999941139249
    },
    "5": {
      "6": 7.999999797903001e-05,
      "7": 9.999999747378752e-06,
      "8": 0.0023899999396235216,
      "9": 0.0217899994495383
    }
  },
  "resultados_por_asiento": [
    {
      "detector": 6,
      "tx_propio": 2,
      "Pr_signal_W": 0.02187999944726471,
      "Pr_interference_W": 0.002739999930781778,
      "sigma2": 3.5501035512071497e-14,
      "SINR": 63.76663498599169,
      "SINR_dB": 18.045934995405805,
      "outage_servicio_minimo": false,
      "outage_servicio_objetivo": false
    },
    {
      "detector": 7,
      "tx_propio": 3,
      "Pr_signal_W": 0.021739999450801406,
      "Pr_interference_W": 0.0023899999396235216,
      "sigma2": 3.47944756343267e-14,
      "SINR": 82.74147612664007,
      "SINR_dB": 19.17723264540348,
      "outage_servicio_minimo": false,
      "outage_servicio_objetivo": false
    },
    {
      "detector": 8,
      "tx_propio": 4,
      "Pr_signal_W": 0.0217899994495383,
      "Pr_interference_W": 0.0026299999335606117,
      "sigma2": 3.521264372523688e-14,
      "SINR": 68.64405847467964,
      "SINR_dB": 18.366029525949116,
      "outage_servicio_minimo": false,
      "outage_servicio_objetivo": false
    },
    {
      "detector": 9,
      "tx_propio": 5,
      "Pr_signal_W": 0.0217899994495383,
      "Pr_interference_W": 0.0024299999386130366,
      "sigma2": 3.492425193840227e-14,
      "SINR": 80.40848890452229,
      "SINR_dB": 19.05301900611372,
      "outage_servicio_minimo": false,
      "outage_servicio_objetivo": false
    }
  ]
}