{
  "escenario": "sin_bloqueo",
  "timestamp": "2026-07-18T15:25:24.482750",
  "parametros": {
    "pitch_deg": 0.0,
    "fov_deg": 90.0,
    "rayos_analisis_por_fuente": 1000000,
    "Popt_W": 2.0,
    "bandwidth_Hz": 10000000.0,
    "temperatura_K": 300.0,
    "R_min_bps": 5000000.0,
    "BER_max": 1e-06
  },
  "gamma_th1_servicio_minimo": 0.41421356237309515,
  "gamma_th2_servicio_objetivo": 22.59504265971009,
  "Pr_matrix_W": {
    "2": {
      "6": 0.021687999945243064,
      "7": 0.002351999994061771,
      "8": 0.00017599999955564272,
      "9": 6.399999983841553e-05
    },
    "3": {
      "6": 0.0023579999940466223,
      "7": 0.021647999945344054,
      "8": 6.79999998283165e-05,
      "9": 2.599999993435631e-05
    },
    "4": {
      "6": 0.00015599999960613786,
      "7": 7.799999980306893e-05,
      "8": 0.021659999945313757,
      "9": 0.0023459999940769194
    },
    "5": {
      "6": 7.999999979801942e-05,
      "7": 3.599999990910874e-05,
      "8": 0.0023419999940870184,
      "9": 0.02166799994529356
    }
  },
  "resultados_por_asiento": [
    {
      "detector": 6,
      "tx_propio": 2,
      "Pr_signal_W": 0.021687999945243064,
      "Pr_interference_W": 0.0025939999934507796,
      "sigma2": 3.501365418843918e-14,
      "SINR": 69.90352148769809,
      "SINR_dB": 18.444990544889265,
      "outage_servicio_minimo": false,
      "outage_servicio_objetivo": false
    },
    {
      "detector": 7,
      "tx_propio": 3,
      "Pr_signal_W": 0.021647999945344054,
      "Pr_interference_W": 0.0024659999937739485,
      "sigma2": 3.477140508199e-14,
      "SINR": 77.06361928017573,
      "SINR_dB": 18.86849401724708,
      "outage_servicio_minimo": false,
      "outage_servicio_objetivo": false
    },
    {
      "detector": 8,
      "tx_propio": 4,
      "Pr_signal_W": 0.021659999945313757,
      "Pr_interference_W": 0.0025859999934709776,
      "sigma2": 3.4961743665628644e-14,
      "SINR": 70.1551976116958,
      "SINR_dB": 18.46059852277537,
      "outage_servicio_minimo": false,
      "outage_servicio_objetivo": false
    },
    {
      "detector": 9,
      "tx_propio": 5,
      "Pr_signal_W": 0.02166799994529356,
      "Pr_interference_W": 0.0024359999938496912,
      "sigma2": 3.4756985492320406e-14,
      "SINR": 79.11941606943806,
      "SINR_dB": 18.98283073347001,
      "outage_servicio_minimo": false,
      "outage_servicio_objetivo": false
    }
  ]
}