{
  "escenario": "bloqueo_carrito",
  "timestamp": "2026-07-22T22:04:30.302197",
  "parametros": {
    "pitch_deg": 15.0,
    "fov_deg": 50.0,
    "rayos_analisis_por_fuente": 1000000,
    "Popt_W": 2.0,
    "bandwidth_Hz": 10000000.0,
    "temperatura_K": 300.0,
    "R_min_bps": 5000000.0,
    "BER_max": 1e-06,
    "concentrador_indice_refraccion": 1.5,
    "concentrador_ganancia_g": 3.8341984298441565
  },
  "gamma_th1_servicio_minimo": 0.41421356237309515,
  "gamma_th2_servicio_objetivo": 22.59504265971009,
  "Pr_matrix_W": {
    "2": {
      "6": 0.020941999947126533,
      "7": 0.0014899999962381116,
      "8": 0.00022599999942940485,
      "9": 8.999999977277184e-05
    },
    "3": {
      "6": 0.0030459999923095893,
      "7": 0.020953999947096236,
      "8": 9.59999997576233e-05,
      "9": 4.399999988891068e-05
    },
    "4": {
      "6": 4.399999988891068e-05,
      "7": 4.799999987881165e-05,
      "8": 0.020953999947096236,
      "9": 0.003057999992279292
    },
    "5": {
      "6": 2.199999994445534e-05,
      "7": 2.599999993435631e-05,
      "8": 0.0014479999963441514,
      "9": 0.020907999947212375
    }
  },
  "resultados_por_asiento": [
    {
      "detector": 6,
      "tx_propio": 2,
      "Pr_signal_sin_concentrador_W": 0.020941999947126533,
      "Pr_interference_sin_concentrador_W": 0.0031119999921429553,
      "Pr_signal_W": 0.08029578331506897,
      "Pr_interference_W": 0.011932025483549547,
      "sigma2": 1.3298872278868053e-13,
      "SINR": 45.28528777162779,
      "SINR_dB": 16.559571318719314,
      "outage_servicio_minimo": false,
      "outage_servicio_objetivo": false
    },
    {
      "detector": 7,
      "tx_propio": 3,
      "Pr_signal_sin_concentrador_W": 0.020953999947096236,
      "Pr_interference_sin_concentrador_W": 0.0015639999960512796,
      "Pr_signal_W": 0.08034179369611093,
      "Pr_interference_W": 0.005996686329136083,
      "sigma2": 1.2449655233310477e-13,
      "SINR": 179.4983142498888,
      "SINR_dB": 22.540603742769623,
      "outage_servicio_minimo": false,
      "outage_servicio_objetivo": false
    },
    {
      "detector": 8,
      "tx_propio": 4,
      "Pr_signal_sin_concentrador_W": 0.020953999947096236,
      "Pr_interference_sin_concentrador_W": 0.0017699999955311796,
      "Pr_signal_W": 0.08034179369611093,
      "Pr_interference_W": 0.006786531203689813,
      "sigma2": 1.2563547623534996e-13,
      "SINR": 140.14814072756846,
      "SINR_dB": 21.465873405756952,
      "outage_servicio_minimo": false,
      "outage_servicio_objetivo": false
    },
    {
      "detector": 9,
      "tx_propio": 5,
      "Pr_signal_sin_concentrador_W": 0.020907999947212375,
      "Pr_interference_sin_concentrador_W": 0.0031919999919409747,
      "Pr_signal_W": 0.0801654205687834,
      "Pr_interference_W": 0.012238761357162646,
      "sigma2": 1.3324304560180323e-13,
      "SINR": 42.90414143124276,
      "SINR_dB": 16.324992155862596,
      "outage_servicio_minimo": false,
      "outage_servicio_objetivo": false
    }
  ]
}