{
  "escenario": "bloqueo_carrito",
  "timestamp": "2026-07-22T18:28:23.861165",
  "parametros": {
    "pitch_deg": 0.0,
    "fov_deg": 20.0,
    "rayos_analisis_por_fuente": 1000000,
    "Popt_W": 2.0,
    "bandwidth_Hz": 10000000.0,
    "temperatura_K": 300.0,
    "R_min_bps": 5000000.0,
    "BER_max": 1e-06,
    "concentrador_indice_refraccion": 1.5,
    "concentrador_ganancia_g": 19.234422383429322
  },
  "gamma_th1_servicio_minimo": 0.41421356237309515,
  "gamma_th2_servicio_objetivo": 22.59504265971009,
  "Pr_matrix_W": {
    "2": {
      "6": 0.021679999945263262,
      "7": 0.002377999993996127,
      "8": 0.00014199999964148446,
      "9": 4.9999999873762135e-05
    },
    "3": {
      "6": 0.0023259999941274145,
      "7": 0.021699999945212767,
      "8": 4.799999987881165e-05,
      "9": 2.3999999939405825e-05
    },
    "4": {
      "6": 0.000135999999656633,
      "7": 5.199999986871262e-05,
      "8": 0.02170999994518752,
      "9": 0.0023579999940466223
    },
    "5": {
      "6": 5.3999999863663106e-05,
      "7": 2.199999994445534e-05,
      "8": 0.0023879999939708796,
      "9": 0.021703999945202668
    }
  },
  "resultados_por_asiento": [
    {
      "detector": 6,
      "tx_propio": 2,
      "Pr_signal_sin_concentrador_W": 0.021679999945263262,
      "Pr_interference_sin_concentrador_W": 0.0025159999936477107,
      "Pr_signal_W": 0.41700227621991814,
      "Pr_interference_W": 0.04839380659452556,
      "sigma2": 6.710820630491186e-13,
      "SINR": 74.25014080550547,
      "SINR_dB": 18.706972815716885,
      "outage_servicio_minimo": false,
      "outage_servicio_objetivo": false
    },
    {
      "detector": 7,
      "tx_propio": 3,
      "Pr_signal_sin_concentrador_W": 0.021699999945212767,
      "Pr_interference_sin_concentrador_W": 0.002451999993809295,
      "Pr_signal_W": 0.4173869646666155,
      "Pr_interference_W": 0.047162803565094065,
      "sigma2": 6.698617121445954e-13,
      "SINR": 78.3210561707635,
      "SINR_dB": 18.93878535358434,
      "outage_servicio_minimo": false,
      "outage_servicio_objetivo": false
    },
    {
      "detector": 8,
      "tx_propio": 4,
      "Pr_signal_sin_concentrador_W": 0.02170999994518752,
      "Pr_interference_sin_concentrador_W": 0.0025779999934911757,
      "Pr_signal_W": 0.4175793088899642,
      "Pr_interference_W": 0.049586340779287315,
      "sigma2": 6.736337058494851e-13,
      "SINR": 70.91756579699151,
      "SINR_dB": 18.507538202865025,
      "outage_servicio_minimo": false,
      "outage_servicio_objetivo": false
    },
    {
      "detector": 9,
      "tx_propio": 5,
      "Pr_signal_sin_concentrador_W": 0.021703999945202668,
      "Pr_interference_sin_concentrador_W": 0.0024319999938597903,
      "Pr_signal_W": 0.417463902355955,
      "Pr_interference_W": 0.046778115118396725,
      "sigma2": 6.694179481793144e-13,
      "SINR": 79.64388189145244,
      "SINR_dB": 19.01152419649583,
      "outage_servicio_minimo": false,
      "outage_servicio_objetivo": false
    }
  ]
}