{
  "escenario": "bloqueo_persona",
  "timestamp": "2026-07-24T01:07:01.708419",
  "parametros": {
    "pitch_deg": 15.0,
    "fov_deg": 90.0,
    "rayos_analisis_por_fuente": 1000000,
    "Popt_W": 2.0,
    "bandwidth_Hz": 10000000.0,
    "temperatura_K": 300.0,
    "R_min_bps": 5000000.0,
    "BER_max": 1e-06,
    "concentrador_indice_refraccion": 1.5,
    "concentrador_ganancia_g": 2.25
  },
  "gamma_th1_servicio_minimo": 0.41421356237309515,
  "gamma_th2_servicio_objetivo": 22.59504265971009,
  "Pr_matrix_W": {
    "2": {
      "6": 1.9999999949504854e-06,
      "7": 0,
      "8": 0.00013999999964653398,
      "9": 6.999999982326699e-05
    },
    "3": {
      "6": 0.002961999992521669,
      "7": 0.02097199994705079,
      "8": 2.199999994445534e-05,
      "9": 3.999999989900971e-06
    },
    "4": {
      "6": 8.999999977277184e-05,
      "7": 5.199999986871262e-05,
      "8": 0.020941999947126533,
      "9": 0.0030419999923196883
    },
    "5": {
      "6": 4.5999999883861165e-05,
      "7": 3.399999991415825e-05,
      "8": 0.001437999996369399,
      "9": 0.02093199994715178
    }
  },
  "resultados_por_asiento": [
    {
      "detector": 6,
      "tx_propio": 2,
      "Pr_signal_sin_concentrador_W": 1.9999999949504854e-06,
      "Pr_interference_sin_concentrador_W": 0.003097999992178302,
      "Pr_signal_W": 4.499999988638592e-06,
      "Pr_interference_W": 0.006970499982401179,
      "sigma2": 1.0057670347272783e-14,
      "SINR": 4.1677068525760367e-07,
      "SINR_dB": -63.80102835962357,
      "outage_servicio_minimo": true,
      "outage_servicio_objetivo": true
    },
    {
      "detector": 7,
      "tx_propio": 3,
      "Pr_signal_sin_concentrador_W": 0.02097199994705079,
      "Pr_interference_sin_concentrador_W": 8.599999978287087e-05,
      "Pr_signal_W": 0.04718699988086428,
      "Pr_interference_W": 0.00019349999951145946,
      "sigma2": 6.832074338675095e-14,
      "SINR": 59467.3905951655,
      "SINR_dB": 47.74278882252706,
      "outage_servicio_minimo": false,
      "outage_servicio_objetivo": false
    },
    {
      "detector": 8,
      "tx_propio": 4,
      "Pr_signal_sin_concentrador_W": 0.020941999947126533,
      "Pr_interference_sin_concentrador_W": 0.0015999999959603883,
      "Pr_signal_W": 0.0471194998810347,
      "Pr_interference_W": 0.0035999999909108737,
      "sigma2": 7.313544437742841e-14,
      "SINR": 171.31537178837033,
      "SINR_dB": 22.33796333095986,
      "outage_servicio_minimo": false,
      "outage_servicio_objetivo": false
    },
    {
      "detector": 9,
      "tx_propio": 5,
      "Pr_signal_sin_concentrador_W": 0.02093199994715178,
      "Pr_interference_sin_concentrador_W": 0.0031159999921328563,
      "Pr_signal_W": 0.047096999881091506,
      "Pr_interference_W": 0.007010999982298927,
      "sigma2": 7.802152233697035e-14,
      "SINR": 45.12597004050481,
      "SINR_dB": 16.544265507300118,
      "outage_servicio_minimo": false,
      "outage_servicio_objetivo": false
    }
  ]
}