scenario,fov_deg,seat,eps_dB,SINR_hybrid_leak_dB,outage_th2_old,outage_th2_new
sin_bloqueo_0grados,10.0,1,-10,64.1,False,False
sin_bloqueo_0grados,10.0,1,-13,64.21,False,False
sin_bloqueo_0grados,10.0,1,-15,64.25,False,False
sin_bloqueo_0grados,10.0,1,-20,64.3,False,False
sin_bloqueo_0grados,10.0,1,-30,64.32,False,False
sin_bloqueo_0grados,10.0,1,-40,64.32,False,False
sin_bloqueo_0grados,10.0,2,-10,64.11,False,False
sin_bloqueo_0grados,10.0,2,-13,64.22,False,False
sin_bloqueo_0grados,10.0,2,-15,64.26,False,False
sin_bloqueo_0grados,10.0,2,-20,64.3,False,False
sin_bloqueo_0grados,10.0,2,-30,64.32,False,False
sin_bloqueo_0grados,10.0,2,-40,64.32,False,False
sin_bloqueo_0grados,10.0,3,-10,64.1,False,False
sin_bloqueo_0grados,10.0,3,-13,64.2,False,False
sin_bloqueo_0grados,10.0,3,-15,64.24,False,False
sin_bloqueo_0grados,10.0,3,-20,64.29,False,False
sin_bloqueo_0grados,10.0,3,-30,64.31,False,False
sin_bloqueo_0grados,10.0,3,-40,64.31,False,False
sin_bloqueo_0grados,10.0,4,-10,66.81,False,False
sin_bloqueo_0grados,10.0,4,-13,66.81,False,False
sin_bloqueo_0grados,10.0,4,-15,66.81,False,False
sin_bloqueo_0grados,10.0,4,-20,66.81,False,False
sin_bloqueo_0grados,10.0,4,-30,66.81,False,False
sin_bloqueo_0grados,10.0,4,-40,66.81,False,False
sin_bloqueo_0grados,20.0,1,-10,56.86,False,False
sin_bloqueo_0grados,20.0,1,-13,56.95,False,False
sin_bloqueo_0grados,20.0,1,-15,56.98,False,False
sin_bloqueo_0grados,20.0,1,-20,57.02,False,False
sin_bloqueo_0grados,20.0,1,-30,57.03,False,False
sin_bloqueo_0grados,20.0,1,-40,57.03,False,False
sin_bloqueo_0grados,20.0,2,-10,56.37,False,False
sin_bloqueo_0grados,20.0,2,-13,56.43,False,False
sin_bloqueo_0grados,20.0,2,-15,56.45,False,False
sin_bloqueo_0grados,20.0,2,-20,56.47,False,False
sin_bloqueo_0grados,20.0,2,-30,56.48,False,False
sin_bloqueo_0grados,20.0,2,-40,56.48,False,False
sin_bloqueo_0grados,20.0,3,-10,55.08,False,False
sin_bloqueo_0grados,20.0,3,-13,55.26,False,False
sin_bloqueo_0grados,20.0,3,-15,55.33,False,False
sin_bloqueo_0grados,20.0,3,-20,55.42,False,False
sin_bloqueo_0grados,20.0,3,-30,55.45,False,False
sin_bloqueo_0grados,20.0,3,-40,55.45,False,False
sin_bloqueo_0grados,20.0,4,-10,60.47,False,False
sin_bloqueo_0grados,20.0,4,-13,60.51,False,False
sin_bloqueo_0grados,20.0,4,-15,60.53,False,False
sin_bloqueo_0grados,20.0,4,-20,60.54,False,False
sin_bloqueo_0grados,20.0,4,-30,60.55,False,False
sin_bloqueo_0grados,20.0,4,-40,60.55,False,False
sin_bloqueo_0grados,30.0,1,-10,50.9,False,False
sin_bloqueo_0grados,30.0,1,-13,51.11,False,False
sin_bloqueo_0grados,30.0,1,-15,51.19,False,False
sin_bloqueo_0grados,30.0,1,-20,51.29,False,False
sin_bloqueo_0grados,30.0,1,-30,51.33,False,False
sin_bloqueo_0grados,30.0,1,-40,51.33,False,False
sin_bloqueo_0grados,30.0,2,-10,50.54,False,False
sin_bloqueo_0grados,30.0,2,-13,50.65,False,False
sin_bloqueo_0grados,30.0,2,-15,50.69,False,False
sin_bloqueo_0grados,30.0,2,-20,50.74,False,False
sin_bloqueo_0grados,30.0,2,-30,50.76,False,False
sin_bloqueo_0grados,30.0,2,-40,50.76,False,False
sin_bloqueo_0grados,30.0,3,-10,49.11,False,False
sin_bloqueo_0grados,30.0,3,-13,49.28,False,False
sin_bloqueo_0grados,30.0,3,-15,49.35,False,False
sin_bloqueo_0grados,30.0,3,-20,49.43,False,False
sin_bloqueo_0grados,30.0,3,-30,49.46,False,False
sin_bloqueo_0grados,30.0,3,-40,49.46,False,False
sin_bloqueo_0grados,30.0,4,-10,53.75,False,False
sin_bloqueo_0grados,30.0,4,-13,53.95,False,False
sin_bloqueo_0grados,30.0,4,-15,54.02,False,False
sin_bloqueo_0grados,30.0,4,-20,54.11,False,False
sin_bloqueo_0grados,30.0,4,-30,54.15,False,False
sin_bloqueo_0grados,30.0,4,-40,54.15,False,False
sin_bloqueo_0grados,40.0,1,-10,44.19,False,False
sin_bloqueo_0grados,40.0,1,-13,44.34,False,False
sin_bloqueo_0grados,40.0,1,-15,44.39,False,False
sin_bloqueo_0grados,40.0,1,-20,44.45,False,False
sin_bloqueo_0grados,40.0,1,-30,44.48,False,False
sin_bloqueo_0grados,40.0,1,-40,44.48,False,False
sin_bloqueo_0grados,40.0,2,-10,45.29,False,False
sin_bloqueo_0grados,40.0,2,-13,45.39,False,False
sin_bloqueo_0grados,40.0,2,-15,45.43,False,False
sin_bloqueo_0grados,40.0,2,-20,45.48,False,False
sin_bloqueo_0grados,40.0,2,-30,45.5,False,False
sin_bloqueo_0grados,40.0,2,-40,45.5,False,False
sin_bloqueo_0grados,40.0,3,-10,46.25,False,False
sin_bloqueo_0grados,40.0,3,-13,46.44,False,False
sin_bloqueo_0grados,40.0,3,-15,46.51,False,False
sin_bloqueo_0grados,40.0,3,-20,46.6,False,False
sin_bloqueo_0grados,40.0,3,-30,46.64,False,False
sin_bloqueo_0grados,40.0,3,-40,46.64,False,False
sin_bloqueo_0grados,40.0,4,-10,47.33,False,False
sin_bloqueo_0grados,40.0,4,-13,47.44,False,False
sin_bloqueo_0grados,40.0,4,-15,47.48,False,False
sin_bloqueo_0grados,40.0,4,-20,47.53,False,False
sin_bloqueo_0grados,40.0,4,-30,47.55,False,False
sin_bloqueo_0grados,40.0,4,-40,47.55,False,False
sin_bloqueo_0grados,50.0,1,-10,41.61,False,False
sin_bloqueo_0grados,50.0,1,-13,41.78,False,False
sin_bloqueo_0grados,50.0,1,-15,41.84,False,False
sin_bloqueo_0grados,50.0,1,-20,41.91,False,False
sin_bloqueo_0grados,50.0,1,-30,41.94,False,False
sin_bloqueo_0grados,50.0,1,-40,41.94,False,False
sin_bloqueo_0grados,50.0,2,-10,43.05,False,False
sin_bloqueo_0grados,50.0,2,-13,43.16,False,False
sin_bloqueo_0grados,50.0,2,-15,43.19,False,False
sin_bloqueo_0grados,50.0,2,-20,43.24,False,False
sin_bloqueo_0grados,50.0,2,-30,43.26,False,False
sin_bloqueo_0grados,50.0,2,-40,43.26,False,False
sin_bloqueo_0grados,50.0,3,-10,43.37,False,False
sin_bloqueo_0grados,50.0,3,-13,43.55,False,False
sin_bloqueo_0grados,50.0,3,-15,43.62,False,False
sin_bloqueo_0grados,50.0,3,-20,43.7,False,False
sin_bloqueo_0grados,50.0,3,-30,43.74,False,False
sin_bloqueo_0grados,50.0,3,-40,43.74,False,False
sin_bloqueo_0grados,50.0,4,-10,44.06,False,False
sin_bloqueo_0grados,50.0,4,-13,44.16,False,False
sin_bloqueo_0grados,50.0,4,-15,44.2,False,False
sin_bloqueo_0grados,50.0,4,-20,44.24,False,False
sin_bloqueo_0grados,50.0,4,-30,44.26,False,False
sin_bloqueo_0grados,50.0,4,-40,44.26,False,False
sin_bloqueo_0grados,60.0,1,-10,19.19,False,True
sin_bloqueo_0grados,60.0,1,-13,19.21,False,True
sin_bloqueo_0grados,60.0,1,-15,19.21,False,True
sin_bloqueo_0grados,60.0,1,-20,19.22,False,True
sin_bloqueo_0grados,60.0,1,-30,19.22,False,True
sin_bloqueo_0grados,60.0,1,-40,31.89,False,False
sin_bloqueo_0grados,60.0,2,-10,19.41,False,True
sin_bloqueo_0grados,60.0,2,-13,19.42,False,True
sin_bloqueo_0grados,60.0,2,-15,19.42,False,True
sin_bloqueo_0grados,60.0,2,-20,19.43,False,True
sin_bloqueo_0grados,60.0,2,-30,19.43,False,True
sin_bloqueo_0grados,60.0,2,-40,26.4,False,False
sin_bloqueo_0grados,60.0,3,-10,19.35,False,True
sin_bloqueo_0grados,60.0,3,-13,19.37,False,True
sin_bloqueo_0grados,60.0,3,-15,19.37,False,True
sin_bloqueo_0grados,60.0,3,-20,19.38,False,True
sin_bloqueo_0grados,60.0,3,-30,19.38,False,True
sin_bloqueo_0grados,60.0,3,-40,30.05,False,False
sin_bloqueo_0grados,60.0,4,-10,19.44,False,True
sin_bloqueo_0grados,60.0,4,-13,19.45,False,True
sin_bloqueo_0grados,60.0,4,-15,19.46,False,True
sin_bloqueo_0grados,60.0,4,-20,19.46,False,True
sin_bloqueo_0grados,60.0,4,-30,19.46,False,True
sin_bloqueo_0grados,60.0,4,-40,26.06,False,False
sin_bloqueo_0grados,70.0,1,-10,18.51,False,True
sin_bloqueo_0grados,70.0,1,-13,18.72,False,True
sin_bloqueo_0grados,70.0,1,-15,18.8,False,True
sin_bloqueo_0grados,70.0,1,-20,18.89,False,True
sin_bloqueo_0grados,70.0,1,-30,33.99,False,False
sin_bloqueo_0grados,70.0,1,-40,53.98,False,False
sin_bloqueo_0grados,70.0,2,-10,19.15,False,True
sin_bloqueo_0grados,70.0,2,-13,19.17,False,True
sin_bloqueo_0grados,70.0,2,-15,19.17,False,True
sin_bloqueo_0grados,70.0,2,-20,19.18,False,True
sin_bloqueo_0grados,70.0,2,-30,19.18,False,True
sin_bloqueo_0grados,70.0,2,-40,29.77,False,False
sin_bloqueo_0grados,70.0,3,-10,18.64,False,True
sin_bloqueo_0grados,70.0,3,-13,18.85,False,True
sin_bloqueo_0grados,70.0,3,-15,18.92,False,True
sin_bloqueo_0grados,70.0,3,-20,19.02,False,True
sin_bloqueo_0grados,70.0,3,-30,33.95,False,False
sin_bloqueo_0grados,70.0,3,-40,53.95,False,False
sin_bloqueo_0grados,70.0,4,-10,19.23,False,True
sin_bloqueo_0grados,70.0,4,-13,19.24,False,True
sin_bloqueo_0grados,70.0,4,-15,19.25,False,True
sin_bloqueo_0grados,70.0,4,-20,19.25,False,True
sin_bloqueo_0grados,70.0,4,-30,19.25,False,True
sin_bloqueo_0grados,70.0,4,-40,27.66,False,False
sin_bloqueo_0grados,80.0,1,-10,18.04,False,True
sin_bloqueo_0grados,80.0,1,-13,18.24,False,True
sin_bloqueo_0grados,80.0,1,-15,18.31,False,True
sin_bloqueo_0grados,80.0,1,-20,18.4,False,True
sin_bloqueo_0grados,80.0,1,-30,33.99,False,False
sin_bloqueo_0grados,80.0,1,-40,53.98,False,False
sin_bloqueo_0grados,80.0,2,-10,18.9,False,True
sin_bloqueo_0grados,80.0,2,-13,18.94,False,True
sin_bloqueo_0grados,80.0,2,-15,18.95,False,True
sin_bloqueo_0grados,80.0,2,-20,18.97,False,True
sin_bloqueo_0grados,80.0,2,-30,19.66,False,False
sin_bloqueo_0grados,80.0,2,-40,39.66,False,False
sin_bloqueo_0grados,80.0,3,-10,18.15,False,True
sin_bloqueo_0grados,80.0,3,-13,18.35,False,True
sin_bloqueo_0grados,80.0,3,-15,18.42,False,True
sin_bloqueo_0grados,80.0,3,-20,18.51,False,True
sin_bloqueo_0grados,80.0,3,-30,33.93,False,False
sin_bloqueo_0grados,80.0,3,-40,53.93,False,False
sin_bloqueo_0grados,80.0,4,-10,18.99,False,True
sin_bloqueo_0grados,80.0,4,-13,19.03,False,True
sin_bloqueo_0grados,80.0,4,-15,19.04,False,True
sin_bloqueo_0grados,80.0,4,-20,19.06,False,True
sin_bloqueo_0grados,80.0,4,-30,19.07,False,True
sin_bloqueo_0grados,80.0,4,-40,39.05,False,False
sin_bloqueo_0grados,90.0,1,-10,18.02,False,True
sin_bloqueo_0grados,90.0,1,-13,18.22,False,True
sin_bloqueo_0grados,90.0,1,-15,18.29,False,True
sin_bloqueo_0grados,90.0,1,-20,18.38,False,True
sin_bloqueo_0grados,90.0,1,-30,34.01,False,False
sin_bloqueo_0grados,90.0,1,-40,54.01,False,False
sin_bloqueo_0grados,90.0,2,-10,18.84,False,True
sin_bloqueo_0grados,90.0,2,-13,18.88,False,True
sin_bloqueo_0grados,90.0,2,-15,18.89,False,True
sin_bloqueo_0grados,90.0,2,-20,18.91,False,True
sin_bloqueo_0grados,90.0,2,-30,19.73,False,False
sin_bloqueo_0grados,90.0,2,-40,39.73,False,False
sin_bloqueo_0grados,90.0,3,-10,18.13,False,True
sin_bloqueo_0grados,90.0,3,-13,18.33,False,True
sin_bloqueo_0grados,90.0,3,-15,18.4,False,True
sin_bloqueo_0grados,90.0,3,-20,18.49,False,True
sin_bloqueo_0grados,90.0,3,-30,33.93,False,False
sin_bloqueo_0grados,90.0,3,-40,53.92,False,False
sin_bloqueo_0grados,90.0,4,-10,18.95,False,True
sin_bloqueo_0grados,90.0,4,-13,18.98,False,True
sin_bloqueo_0grados,90.0,4,-15,19.0,False,True
sin_bloqueo_0grados,90.0,4,-20,19.02,False,True
sin_bloqueo_0grados,90.0,4,-30,19.05,False,True
sin_bloqueo_0grados,90.0,4,-40,39.05,False,False
sin_bloqueo_15grados,10.0,1,-10,49.1,False,False
sin_bloqueo_15grados,10.0,1,-13,49.31,False,False
sin_bloqueo_15grados,10.0,1,-15,49.39,False,False
sin_bloqueo_15grados,10.0,1,-20,49.48,False,False
sin_bloqueo_15grados,10.0,1,-30,49.52,False,False
sin_bloqueo_15grados,10.0,1,-40,49.53,False,False
sin_bloqueo_15grados,10.0,2,-10,55.54,False,False
sin_bloqueo_15grados,10.0,2,-13,55.54,False,False
sin_bloqueo_15grados,10.0,2,-15,55.54,False,False
sin_bloqueo_15grados,10.0,2,-20,55.54,False,False
sin_bloqueo_15grados,10.0,2,-30,55.54,False,False
sin_bloqueo_15grados,10.0,2,-40,55.54,False,False
sin_bloqueo_15grados,10.0,3,-10,50.31,False,False
sin_bloqueo_15grados,10.0,3,-13,50.72,False,False
sin_bloqueo_15grados,10.0,3,-15,50.87,False,False
sin_bloqueo_15grados,10.0,3,-20,51.05,False,False
sin_bloqueo_15grados,10.0,3,-30,51.13,False,False
sin_bloqueo_15grados,10.0,3,-40,51.14,False,False
sin_bloqueo_15grados,10.0,4,-10,58.26,False,False
sin_bloqueo_15grados,10.0,4,-13,58.66,False,False
sin_bloqueo_15grados,10.0,4,-15,58.81,False,False
sin_bloqueo_15grados,10.0,4,-20,59.0,False,False
sin_bloqueo_15grados,10.0,4,-30,59.08,False,False
sin_bloqueo_15grados,10.0,4,-40,59.08,False,False
sin_bloqueo_15grados,20.0,1,-10,47.88,False,False
sin_bloqueo_15grados,20.0,1,-13,48.02,False,False
sin_bloqueo_15grados,20.0,1,-15,48.07,False,False
sin_bloqueo_15grados,20.0,1,-20,48.13,False,False
sin_bloqueo_15grados,20.0,1,-30,48.15,False,False
sin_bloqueo_15grados,20.0,1,-40,48.16,False,False
sin_bloqueo_15grados,20.0,2,-10,51.29,False,False
sin_bloqueo_15grados,20.0,2,-13,51.4,False,False
sin_bloqueo_15grados,20.0,2,-15,51.44,False,False
sin_bloqueo_15grados,20.0,2,-20,51.49,False,False
sin_bloqueo_15grados,20.0,2,-30,51.51,False,False
sin_bloqueo_15grados,20.0,2,-40,51.52,False,False
sin_bloqueo_15grados,20.0,3,-10,49.76,False,False
sin_bloqueo_15grados,20.0,3,-13,50.01,False,False
sin_bloqueo_15grados,20.0,3,-15,50.1,False,False
sin_bloqueo_15grados,20.0,3,-20,50.21,False,False
sin_bloqueo_15grados,20.0,3,-30,50.26,False,False
sin_bloqueo_15grados,20.0,3,-40,50.26,False,False
sin_bloqueo_15grados,20.0,4,-10,53.88,False,False
sin_bloqueo_15grados,20.0,4,-13,54.03,False,False
sin_bloqueo_15grados,20.0,4,-15,54.08,False,False
sin_bloqueo_15grados,20.0,4,-20,54.15,False,False
sin_bloqueo_15grados,20.0,4,-30,54.18,False,False
sin_bloqueo_15grados,20.0,4,-40,54.18,False,False
sin_bloqueo_15grados,30.0,1,-10,45.45,False,False
sin_bloqueo_15grados,30.0,1,-13,45.61,False,False
sin_bloqueo_15grados,30.0,1,-15,45.67,False,False
sin_bloqueo_15grados,30.0,1,-20,45.74,False,False
sin_bloqueo_15grados,30.0,1,-30,45.77,False,False
sin_bloqueo_15grados,30.0,1,-40,45.77,False,False
sin_bloqueo_15grados,30.0,2,-10,47.15,False,False
sin_bloqueo_15grados,30.0,2,-13,47.27,False,False
sin_bloqueo_15grados,30.0,2,-15,47.31,False,False
sin_bloqueo_15grados,30.0,2,-20,47.36,False,False
sin_bloqueo_15grados,30.0,2,-30,47.39,False,False
sin_bloqueo_15grados,30.0,2,-40,47.39,False,False
sin_bloqueo_15grados,30.0,3,-10,45.46,False,False
sin_bloqueo_15grados,30.0,3,-13,45.62,False,False
sin_bloqueo_15grados,30.0,3,-15,45.68,False,False
sin_bloqueo_15grados,30.0,3,-20,45.75,False,False
sin_bloqueo_15grados,30.0,3,-30,45.78,False,False
sin_bloqueo_15grados,30.0,3,-40,45.78,False,False
sin_bloqueo_15grados,30.0,4,-10,53.1,False,False
sin_bloqueo_15grados,30.0,4,-13,53.26,False,False
sin_bloqueo_15grados,30.0,4,-15,53.31,False,False
sin_bloqueo_15grados,30.0,4,-20,53.38,False,False
sin_bloqueo_15grados,30.0,4,-30,53.41,False,False
sin_bloqueo_15grados,30.0,4,-40,53.41,False,False
sin_bloqueo_15grados,40.0,1,-10,25.09,False,False
sin_bloqueo_15grados,40.0,1,-13,25.11,False,False
sin_bloqueo_15grados,40.0,1,-15,25.12,False,False
sin_bloqueo_15grados,40.0,1,-20,25.13,False,False
sin_bloqueo_15grados,40.0,1,-30,25.13,False,False
sin_bloqueo_15grados,40.0,1,-40,28.47,False,False
sin_bloqueo_15grados,40.0,2,-10,43.85,False,False
sin_bloqueo_15grados,40.0,2,-13,43.95,False,False
sin_bloqueo_15grados,40.0,2,-15,43.99,False,False
sin_bloqueo_15grados,40.0,2,-20,44.04,False,False
sin_bloqueo_15grados,40.0,2,-30,44.06,False,False
sin_bloqueo_15grados,40.0,2,-40,44.06,False,False
sin_bloqueo_15grados,40.0,3,-10,43.17,False,False
sin_bloqueo_15grados,40.0,3,-13,43.36,False,False
sin_bloqueo_15grados,40.0,3,-15,43.43,False,False
sin_bloqueo_15grados,40.0,3,-20,43.52,False,False
sin_bloqueo_15grados,40.0,3,-30,43.55,False,False
sin_bloqueo_15grados,40.0,3,-40,43.55,False,False
sin_bloqueo_15grados,40.0,4,-10,25.69,False,False
sin_bloqueo_15grados,40.0,4,-13,25.7,False,False
sin_bloqueo_15grados,40.0,4,-15,25.71,False,False
sin_bloqueo_15grados,40.0,4,-20,25.71,False,False
sin_bloqueo_15grados,40.0,4,-30,25.71,False,False
sin_bloqueo_15grados,40.0,4,-40,25.71,False,False
sin_bloqueo_15grados,50.0,1,-10,16.49,False,True
sin_bloqueo_15grados,50.0,1,-13,16.5,False,True
sin_bloqueo_15grados,50.0,1,-15,16.51,False,True
sin_bloqueo_15grados,50.0,1,-20,16.51,False,True
sin_bloqueo_15grados,50.0,1,-30,16.52,False,True
sin_bloqueo_15grados,50.0,1,-40,31.13,False,False
sin_bloqueo_15grados,50.0,2,-10,40.96,False,False
sin_bloqueo_15grados,50.0,2,-13,41.06,False,False
sin_bloqueo_15grados,50.0,2,-15,41.1,False,False
sin_bloqueo_15grados,50.0,2,-20,41.15,False,False
sin_bloqueo_15grados,50.0,2,-30,41.17,False,False
sin_bloqueo_15grados,50.0,2,-40,41.17,False,False
sin_bloqueo_15grados,50.0,3,-10,35.07,False,False
sin_bloqueo_15grados,50.0,3,-13,37.31,False,False
sin_bloqueo_15grados,50.0,3,-15,38.32,False,False
sin_bloqueo_15grados,50.0,3,-20,39.66,False,False
sin_bloqueo_15grados,50.0,3,-30,40.29,False,False
sin_bloqueo_15grados,50.0,3,-40,58.02,False,False
sin_bloqueo_15grados,50.0,4,-10,16.74,False,True
sin_bloqueo_15grados,50.0,4,-13,16.75,False,True
sin_bloqueo_15grados,50.0,4,-15,16.75,False,True
sin_bloqueo_15grados,50.0,4,-20,16.75,False,True
sin_bloqueo_15grados,50.0,4,-30,16.75,False,True
sin_bloqueo_15grados,50.0,4,-40,24.92,False,False
sin_bloqueo_15grados,60.0,1,-10,16.39,False,True
sin_bloqueo_15grados,60.0,1,-13,16.4,False,True
sin_bloqueo_15grados,60.0,1,-15,16.41,False,True
sin_bloqueo_15grados,60.0,1,-20,16.41,False,True
sin_bloqueo_15grados,60.0,1,-30,16.41,False,True
sin_bloqueo_15grados,60.0,1,-40,32.57,False,False
sin_bloqueo_15grados,60.0,2,-10,38.92,False,False
sin_bloqueo_15grados,60.0,2,-13,39.04,False,False
sin_bloqueo_15grados,60.0,2,-15,39.09,False,False
sin_bloqueo_15grados,60.0,2,-20,39.14,False,False
sin_bloqueo_15grados,60.0,2,-30,39.17,False,False
sin_bloqueo_15grados,60.0,2,-40,39.17,False,False
sin_bloqueo_15grados,60.0,3,-10,31.95,False,False
sin_bloqueo_15grados,60.0,3,-13,33.47,False,False
sin_bloqueo_15grados,60.0,3,-15,34.11,False,False
sin_bloqueo_15grados,60.0,3,-20,34.92,False,False
sin_bloqueo_15grados,60.0,3,-30,38.06,False,False
sin_bloqueo_15grados,60.0,3,-40,58.05,False,False
sin_bloqueo_15grados,60.0,4,-10,16.57,False,True
sin_bloqueo_15grados,60.0,4,-13,16.61,False,True
sin_bloqueo_15grados,60.0,4,-15,16.63,False,True
sin_bloqueo_15grados,60.0,4,-20,16.65,False,True
sin_bloqueo_15grados,60.0,4,-30,22.47,False,False
sin_bloqueo_15grados,60.0,4,-40,42.47,False,False
sin_bloqueo_15grados,70.0,1,-10,16.3,False,True
sin_bloqueo_15grados,70.0,1,-13,16.32,False,True
sin_bloqueo_15grados,70.0,1,-15,16.32,False,True
sin_bloqueo_15grados,70.0,1,-20,16.33,False,True
sin_bloqueo_15grados,70.0,1,-30,16.33,False,True
sin_bloqueo_15grados,70.0,1,-40,34.23,False,False
sin_bloqueo_15grados,70.0,2,-10,29.09,False,False
sin_bloqueo_15grados,70.0,2,-13,29.13,False,False
sin_bloqueo_15grados,70.0,2,-15,29.15,False,False
sin_bloqueo_15grados,70.0,2,-20,29.16,False,False
sin_bloqueo_15grados,70.0,2,-30,29.17,False,False
sin_bloqueo_15grados,70.0,2,-40,30.19,False,False
sin_bloqueo_15grados,70.0,3,-10,24.78,False,False
sin_bloqueo_15grados,70.0,3,-13,25.42,False,False
sin_bloqueo_15grados,70.0,3,-15,25.67,False,False
sin_bloqueo_15grados,70.0,3,-20,25.97,False,False
sin_bloqueo_15grados,70.0,3,-30,37.85,False,False
sin_bloqueo_15grados,70.0,3,-40,57.85,False,False
sin_bloqueo_15grados,70.0,4,-10,16.23,False,True
sin_bloqueo_15grados,70.0,4,-13,16.28,False,True
sin_bloqueo_15grados,70.0,4,-15,16.29,False,True
sin_bloqueo_15grados,70.0,4,-20,16.31,False,True
sin_bloqueo_15grados,70.0,4,-30,22.62,False,False
sin_bloqueo_15grados,70.0,4,-40,42.62,False,False
sin_bloqueo_15grados,80.0,1,-10,16.1,False,True
sin_bloqueo_15grados,80.0,1,-13,16.19,False,True
sin_bloqueo_15grados,80.0,1,-15,16.22,False,True
sin_bloqueo_15grados,80.0,1,-20,16.26,False,True
sin_bloqueo_15grados,80.0,1,-30,28.69,False,False
sin_bloqueo_15grados,80.0,1,-40,48.69,False,False
sin_bloqueo_15grados,80.0,2,-10,22.66,False,False
sin_bloqueo_15grados,80.0,2,-13,22.68,False,False
sin_bloqueo_15grados,80.0,2,-15,22.69,False,False
sin_bloqueo_15grados,80.0,2,-20,22.7,False,False
sin_bloqueo_15grados,80.0,2,-30,22.71,False,False
sin_bloqueo_15grados,80.0,2,-40,30.79,False,False
sin_bloqueo_15grados,80.0,3,-10,20.3,False,False
sin_bloqueo_15grados,80.0,3,-13,20.68,False,False
sin_bloqueo_15grados,80.0,3,-15,20.82,False,False
sin_bloqueo_15grados,80.0,3,-20,20.99,False,False
sin_bloqueo_15grados,80.0,3,-30,37.59,False,False
sin_bloqueo_15grados,80.0,3,-40,57.58,False,False
sin_bloqueo_15grados,80.0,4,-10,16.19,False,True
sin_bloqueo_15grados,80.0,4,-13,16.23,False,True
sin_bloqueo_15grados,80.0,4,-15,16.25,False,True
sin_bloqueo_15grados,80.0,4,-20,16.27,False,True
sin_bloqueo_15grados,80.0,4,-30,22.82,False,False
sin_bloqueo_15grados,80.0,4,-40,42.81,False,False
sin_bloqueo_15grados,90.0,1,-10,16.06,False,True
sin_bloqueo_15grados,90.0,1,-13,16.15,False,True
sin_bloqueo_15grados,90.0,1,-15,16.18,False,True
sin_bloqueo_15grados,90.0,1,-20,16.22,False,True
sin_bloqueo_15grados,90.0,1,-30,28.68,False,False
sin_bloqueo_15grados,90.0,1,-40,48.68,False,False
sin_bloqueo_15grados,90.0,2,-10,22.54,False,False
sin_bloqueo_15grados,90.0,2,-13,22.56,False,False
sin_bloqueo_15grados,90.0,2,-15,22.57,False,False
sin_bloqueo_15grados,90.0,2,-20,22.58,False,False
sin_bloqueo_15grados,90.0,2,-30,22.59,False,False
sin_bloqueo_15grados,90.0,2,-40,31.63,False,False
sin_bloqueo_15grados,90.0,3,-10,20.27,False,False
sin_bloqueo_15grados,90.0,3,-13,20.65,False,False
sin_bloqueo_15grados,90.0,3,-15,20.79,False,False
sin_bloqueo_15grados,90.0,3,-20,20.97,False,False
sin_bloqueo_15grados,90.0,3,-30,37.65,False,False
sin_bloqueo_15grados,90.0,3,-40,57.64,False,False
sin_bloqueo_15grados,90.0,4,-10,16.17,False,True
sin_bloqueo_15grados,90.0,4,-13,16.21,False,True
sin_bloqueo_15grados,90.0,4,-15,16.23,False,True
sin_bloqueo_15grados,90.0,4,-20,16.25,False,True
sin_bloqueo_15grados,90.0,4,-30,22.86,False,False
sin_bloqueo_15grados,90.0,4,-40,42.86,False,False
sin_bloqueo_30grados,10.0,1,-10,6.02,True,True
sin_bloqueo_30grados,10.0,1,-13,12.02,True,True
sin_bloqueo_30grados,10.0,1,-15,16.02,False,True
sin_bloqueo_30grados,10.0,1,-20,26.02,False,False
sin_bloqueo_30grados,10.0,1,-30,46.01,False,False
sin_bloqueo_30grados,10.0,1,-40,65.37,False,False
sin_bloqueo_30grados,10.0,2,-10,7.82,True,True
sin_bloqueo_30grados,10.0,2,-13,7.89,True,True
sin_bloqueo_30grados,10.0,2,-15,7.91,True,True
sin_bloqueo_30grados,10.0,2,-20,13.56,False,True
sin_bloqueo_30grados,10.0,2,-30,33.55,False,False
sin_bloqueo_30grados,10.0,2,-40,53.33,False,False
sin_bloqueo_30grados,10.0,3,-10,11.06,True,True
sin_bloqueo_30grados,10.0,3,-13,17.06,False,True
sin_bloqueo_30grados,10.0,3,-15,21.06,False,False
sin_bloqueo_30grados,10.0,3,-20,31.06,False,False
sin_bloqueo_30grados,10.0,3,-30,51.05,False,False
sin_bloqueo_30grados,10.0,3,-40,70.09,False,False
sin_bloqueo_30grados,10.0,4,-10,1.2,True,True
sin_bloqueo_30grados,10.0,4,-13,3.72,True,True
sin_bloqueo_30grados,10.0,4,-15,7.72,True,True
sin_bloqueo_30grados,10.0,4,-20,17.72,False,True
sin_bloqueo_30grados,10.0,4,-30,37.72,False,False
sin_bloqueo_30grados,10.0,4,-40,57.15,False,False
sin_bloqueo_30grados,20.0,1,-10,30.97,False,False
sin_bloqueo_30grados,20.0,1,-13,31.3,False,False
sin_bloqueo_30grados,20.0,1,-15,31.42,False,False
sin_bloqueo_30grados,20.0,1,-20,31.57,False,False
sin_bloqueo_30grados,20.0,1,-30,31.63,False,False
sin_bloqueo_30grados,20.0,1,-40,46.19,False,False
sin_bloqueo_30grados,20.0,2,-10,28.04,False,False
sin_bloqueo_30grados,20.0,2,-13,28.15,False,False
sin_bloqueo_30grados,20.0,2,-15,28.19,False,False
sin_bloqueo_30grados,20.0,2,-20,28.25,False,False
sin_bloqueo_30grados,20.0,2,-30,28.27,False,False
sin_bloqueo_30grados,20.0,2,-40,40.11,False,False
sin_bloqueo_30grados,20.0,3,-10,27.69,False,False
sin_bloqueo_30grados,20.0,3,-13,27.84,False,False
sin_bloqueo_30grados,20.0,3,-15,27.89,False,False
sin_bloqueo_30grados,20.0,3,-20,27.96,False,False
sin_bloqueo_30grados,20.0,3,-30,27.99,False,False
sin_bloqueo_30grados,20.0,3,-40,42.49,False,False
sin_bloqueo_30grados,20.0,4,-10,33.13,False,False
sin_bloqueo_30grados,20.0,4,-13,33.27,False,False
sin_bloqueo_30grados,20.0,4,-15,33.32,False,False
sin_bloqueo_30grados,20.0,4,-20,33.38,False,False
sin_bloqueo_30grados,20.0,4,-30,33.41,False,False
sin_bloqueo_30grados,20.0,4,-40,36.86,False,False
sin_bloqueo_30grados,30.0,1,-10,8.99,True,True
sin_bloqueo_30grados,30.0,1,-13,8.99,True,True
sin_bloqueo_30grados,30.0,1,-15,9.0,True,True
sin_bloqueo_30grados,30.0,1,-20,9.0,True,True
sin_bloqueo_30grados,30.0,1,-30,10.81,True,True
sin_bloqueo_30grados,30.0,1,-40,30.81,False,False
sin_bloqueo_30grados,30.0,2,-10,39.59,False,False
sin_bloqueo_30grados,30.0,2,-13,39.68,False,False
sin_bloqueo_30grados,30.0,2,-15,39.72,False,False
sin_bloqueo_30grados,30.0,2,-20,39.76,False,False
sin_bloqueo_30grados,30.0,2,-30,39.78,False,False
sin_bloqueo_30grados,30.0,2,-40,39.78,False,False
sin_bloqueo_30grados,30.0,3,-10,38.1,False,False
sin_bloqueo_30grados,30.0,3,-13,38.36,False,False
sin_bloqueo_30grados,30.0,3,-15,38.46,False,False
sin_bloqueo_30grados,30.0,3,-20,38.57,False,False
sin_bloqueo_30grados,30.0,3,-30,38.62,False,False
sin_bloqueo_30grados,30.0,3,-40,38.62,False,False
sin_bloqueo_30grados,30.0,4,-10,9.02,True,True
sin_bloqueo_30grados,30.0,4,-13,9.02,True,True
sin_bloqueo_30grados,30.0,4,-15,9.02,True,True
sin_bloqueo_30grados,30.0,4,-20,9.02,True,True
sin_bloqueo_30grados,30.0,4,-30,9.02,True,True
sin_bloqueo_30grados,30.0,4,-40,17.95,False,True
sin_bloqueo_30grados,40.0,1,-10,13.73,False,True
sin_bloqueo_30grados,40.0,1,-13,13.74,False,True
sin_bloqueo_30grados,40.0,1,-15,13.74,False,True
sin_bloqueo_30grados,40.0,1,-20,13.74,False,True
sin_bloqueo_30grados,40.0,1,-30,13.75,False,True
sin_bloqueo_30grados,40.0,1,-40,31.61,False,False
sin_bloqueo_30grados,40.0,2,-10,40.45,False,False
sin_bloqueo_30grados,40.0,2,-13,40.55,False,False
sin_bloqueo_30grados,40.0,2,-15,40.59,False,False
sin_bloqueo_30grados,40.0,2,-20,40.63,False,False
sin_bloqueo_30grados,40.0,2,-30,40.65,False,False
sin_bloqueo_30grados,40.0,2,-40,40.65,False,False
sin_bloqueo_30grados,40.0,3,-10,33.82,False,False
sin_bloqueo_30grados,40.0,3,-13,36.71,False,False
sin_bloqueo_30grados,40.0,3,-15,38.08,False,False
sin_bloqueo_30grados,40.0,3,-20,40.02,False,False
sin_bloqueo_30grados,40.0,3,-30,41.17,False,False
sin_bloqueo_30grados,40.0,3,-40,61.17,False,False
sin_bloqueo_30grados,40.0,4,-10,13.85,False,True
sin_bloqueo_30grados,40.0,4,-13,13.85,False,True
sin_bloqueo_30grados,40.0,4,-15,13.85,False,True
sin_bloqueo_30grados,40.0,4,-20,13.85,False,True
sin_bloqueo_30grados,40.0,4,-30,13.85,False,True
sin_bloqueo_30grados,40.0,4,-40,17.66,False,True
sin_bloqueo_30grados,50.0,1,-10,14.24,False,True
sin_bloqueo_30grados,50.0,1,-13,14.25,False,True
sin_bloqueo_30grados,50.0,1,-15,14.25,False,True
sin_bloqueo_30grados,50.0,1,-20,14.26,False,True
sin_bloqueo_30grados,50.0,1,-30,14.26,False,True
sin_bloqueo_30grados,50.0,1,-40,33.2,False,False
sin_bloqueo_30grados,50.0,2,-10,38.53,False,False
sin_bloqueo_30grados,50.0,2,-13,38.64,False,False
sin_bloqueo_30grados,50.0,2,-15,38.68,False,False
sin_bloqueo_30grados,50.0,2,-20,38.73,False,False
sin_bloqueo_30grados,50.0,2,-30,38.75,False,False
sin_bloqueo_30grados,50.0,2,-40,38.75,False,False
sin_bloqueo_30grados,50.0,3,-10,27.91,False,False
sin_bloqueo_30grados,50.0,3,-13,29.17,False,False
sin_bloqueo_30grados,50.0,3,-15,29.68,False,False
sin_bloqueo_30grados,50.0,3,-20,30.33,False,False
sin_bloqueo_30grados,50.0,3,-30,40.46,False,False
sin_bloqueo_30grados,50.0,3,-40,60.45,False,False
sin_bloqueo_30grados,50.0,4,-10,14.09,False,True
sin_bloqueo_30grados,50.0,4,-13,14.14,False,True
sin_bloqueo_30grados,50.0,4,-15,14.15,False,True
sin_bloqueo_30grados,50.0,4,-20,14.17,False,True
sin_bloqueo_30grados,50.0,4,-30,24.98,False,False
sin_bloqueo_30grados,50.0,4,-40,44.98,False,False
sin_bloqueo_30grados,60.0,1,-10,14.17,False,True
sin_bloqueo_30grados,60.0,1,-13,14.19,False,True
sin_bloqueo_30grados,60.0,1,-15,14.19,False,True
sin_bloqueo_30grados,60.0,1,-20,14.2,False,True
sin_bloqueo_30grados,60.0,1,-30,14.58,False,True
sin_bloqueo_30grados,60.0,1,-40,34.57,False,False
sin_bloqueo_30grados,60.0,2,-10,36.76,False,False
sin_bloqueo_30grados,60.0,2,-13,36.9,False,False
sin_bloqueo_30grados,60.0,2,-15,36.94,False,False
sin_bloqueo_30grados,60.0,2,-20,37.0,False,False
sin_bloqueo_30grados,60.0,2,-30,37.03,False,False
sin_bloqueo_30grados,60.0,2,-40,37.03,False,False
sin_bloqueo_30grados,60.0,3,-10,27.53,False,False
sin_bloqueo_30grados,60.0,3,-13,28.74,False,False
sin_bloqueo_30grados,60.0,3,-15,29.23,False,False
sin_bloqueo_30grados,60.0,3,-20,29.85,False,False
sin_bloqueo_30grados,60.0,3,-30,40.5,False,False
sin_bloqueo_30grados,60.0,3,-40,60.5,False,False
sin_bloqueo_30grados,60.0,4,-10,13.92,False,True
sin_bloqueo_30grados,60.0,4,-13,13.96,False,True
sin_bloqueo_30grados,60.0,4,-15,13.98,False,True
sin_bloqueo_30grados,60.0,4,-20,14.0,False,True
sin_bloqueo_30grados,60.0,4,-30,25.11,False,False
sin_bloqueo_30grados,60.0,4,-40,45.1,False,False
sin_bloqueo_30grados,70.0,1,-10,14.1,False,True
sin_bloqueo_30grados,70.0,1,-13,14.12,False,True
sin_bloqueo_30grados,70.0,1,-15,14.12,False,True
sin_bloqueo_30grados,70.0,1,-20,14.13,False,True
sin_bloqueo_30grados,70.0,1,-30,14.83,False,True
sin_bloqueo_30grados,70.0,1,-40,34.83,False,False
sin_bloqueo_30grados,70.0,2,-10,35.86,False,False
sin_bloqueo_30grados,70.0,2,-13,35.99,False,False
sin_bloqueo_30grados,70.0,2,-15,36.03,False,False
sin_bloqueo_30grados,70.0,2,-20,36.09,False,False
sin_bloqueo_30grados,70.0,2,-30,36.11,False,False
sin_bloqueo_30grados,70.0,2,-40,36.11,False,False
sin_bloqueo_30grados,70.0,3,-10,27.27,False,False
sin_bloqueo_30grados,70.0,3,-13,28.45,False,False
sin_bloqueo_30grados,70.0,3,-15,28.92,False,False
sin_bloqueo_30grados,70.0,3,-20,29.52,False,False
sin_bloqueo_30grados,70.0,3,-30,40.53,False,False
sin_bloqueo_30grados,70.0,3,-40,60.52,False,False
sin_bloqueo_30grados,70.0,4,-10,13.78,False,True
sin_bloqueo_30grados,70.0,4,-13,13.83,False,True
sin_bloqueo_30grados,70.0,4,-15,13.85,False,True
sin_bloqueo_30grados,70.0,4,-20,13.87,False,True
sin_bloqueo_30grados,70.0,4,-30,25.41,False,False
sin_bloqueo_30grados,70.0,4,-40,45.41,False,False
sin_bloqueo_30grados,80.0,1,-10,13.71,False,True
sin_bloqueo_30grados,80.0,1,-13,13.73,False,True
sin_bloqueo_30grados,80.0,1,-15,13.73,False,True
sin_bloqueo_30grados,80.0,1,-20,13.74,False,True
sin_bloqueo_30grados,80.0,1,-30,15.03,False,True
sin_bloqueo_30grados,80.0,1,-40,35.03,False,False
sin_bloqueo_30grados,80.0,2,-10,34.16,False,False
sin_bloqueo_30grados,80.0,2,-13,34.4,False,False
sin_bloqueo_30grados,80.0,2,-15,34.49,False,False
sin_bloqueo_30grados,80.0,2,-20,34.6,False,False
sin_bloqueo_30grados,80.0,2,-30,34.65,False,False
sin_bloqueo_30grados,80.0,2,-40,40.63,False,False
sin_bloqueo_30grados,80.0,3,-10,27.12,False,False
sin_bloqueo_30grados,80.0,3,-13,28.28,False,False
sin_bloqueo_30grados,80.0,3,-15,28.75,False,False
sin_bloqueo_30grados,80.0,3,-20,29.34,False,False
sin_bloqueo_30grados,80.0,3,-30,40.57,False,False
sin_bloqueo_30grados,80.0,3,-40,60.56,False,False
sin_bloqueo_30grados,80.0,4,-10,13.72,False,True
sin_bloqueo_30grados,80.0,4,-13,13.77,False,True
sin_bloqueo_30grados,80.0,4,-15,13.79,False,True
sin_bloqueo_30grados,80.0,4,-20,13.81,False,True
sin_bloqueo_30grados,80.0,4,-30,25.47,False,False
sin_bloqueo_30grados,80.0,4,-40,45.47,False,False
sin_bloqueo_30grados,90.0,1,-10,13.68,False,True
sin_bloqueo_30grados,90.0,1,-13,13.7,False,True
sin_bloqueo_30grados,90.0,1,-15,13.71,False,True
sin_bloqueo_30grados,90.0,1,-20,13.72,False,True
sin_bloqueo_30grados,90.0,1,-30,19.49,False,True
sin_bloqueo_30grados,90.0,1,-40,39.49,False,False
sin_bloqueo_30grados,90.0,2,-10,29.28,False,False
sin_bloqueo_30grados,90.0,2,-13,29.42,False,False
sin_bloqueo_30grados,90.0,2,-15,29.47,False,False
sin_bloqueo_30grados,90.0,2,-20,29.53,False,False
sin_bloqueo_30grados,90.0,2,-30,29.56,False,False
sin_bloqueo_30grados,90.0,2,-40,40.5,False,False
sin_bloqueo_30grados,90.0,3,-10,24.56,False,False
sin_bloqueo_30grados,90.0,3,-13,25.41,False,False
sin_bloqueo_30grados,90.0,3,-15,25.75,False,False
sin_bloqueo_30grados,90.0,3,-20,26.16,False,False
sin_bloqueo_30grados,90.0,3,-30,40.47,False,False
sin_bloqueo_30grados,90.0,3,-40,60.46,False,False
sin_bloqueo_30grados,90.0,4,-10,13.71,False,True
sin_bloqueo_30grados,90.0,4,-13,13.76,False,True
sin_bloqueo_30grados,90.0,4,-15,13.78,False,True
sin_bloqueo_30grados,90.0,4,-20,13.8,False,True
sin_bloqueo_30grados,90.0,4,-30,25.54,False,False
sin_bloqueo_30grados,90.0,4,-40,45.54,False,False
bloqueo_carrito_0grados,10.0,1,-10,60.65,False,False
bloqueo_carrito_0grados,10.0,1,-13,60.72,False,False
bloqueo_carrito_0grados,10.0,1,-15,60.75,False,False
bloqueo_carrito_0grados,10.0,1,-20,60.78,False,False
bloqueo_carrito_0grados,10.0,1,-30,60.79,False,False
bloqueo_carrito_0grados,10.0,1,-40,60.79,False,False
bloqueo_carrito_0grados,10.0,2,-10,70.33,False,False
bloqueo_carrito_0grados,10.0,2,-13,70.33,False,False
bloqueo_carrito_0grados,10.0,2,-15,70.33,False,False
bloqueo_carrito_0grados,10.0,2,-20,70.33,False,False
bloqueo_carrito_0grados,10.0,2,-30,70.33,False,False
bloqueo_carrito_0grados,10.0,2,-40,70.33,False,False
bloqueo_carrito_0grados,10.0,3,-10,61.87,False,False
bloqueo_carrito_0grados,10.0,3,-13,62.12,False,False
bloqueo_carrito_0grados,10.0,3,-15,62.21,False,False
bloqueo_carrito_0grados,10.0,3,-20,62.32,False,False
bloqueo_carrito_0grados,10.0,3,-30,62.37,False,False
bloqueo_carrito_0grados,10.0,3,-40,62.37,False,False
bloqueo_carrito_0grados,10.0,4,-10,64.32,False,False
bloqueo_carrito_0grados,10.0,4,-13,64.32,False,False
bloqueo_carrito_0grados,10.0,4,-15,64.32,False,False
bloqueo_carrito_0grados,10.0,4,-20,64.32,False,False
bloqueo_carrito_0grados,10.0,4,-30,64.32,False,False
bloqueo_carrito_0grados,10.0,4,-40,64.32,False,False
bloqueo_carrito_0grados,20.0,1,-10,56.75,False,False
bloqueo_carrito_0grados,20.0,1,-13,56.89,False,False
bloqueo_carrito_0grados,20.0,1,-15,56.94,False,False
bloqueo_carrito_0grados,20.0,1,-20,57.0,False,False
bloqueo_carrito_0grados,20.0,1,-30,57.03,False,False
bloqueo_carrito_0grados,20.0,1,-40,57.03,False,False
bloqueo_carrito_0grados,20.0,2,-10,62.07,False,False
bloqueo_carrito_0grados,20.0,2,-13,62.28,False,False
bloqueo_carrito_0grados,20.0,2,-15,62.36,False,False
bloqueo_carrito_0grados,20.0,2,-20,62.45,False,False
bloqueo_carrito_0grados,20.0,2,-30,62.49,False,False
bloqueo_carrito_0grados,20.0,2,-40,62.5,False,False
bloqueo_carrito_0grados,20.0,3,-10,58.41,False,False
bloqueo_carrito_0grados,20.0,3,-13,58.69,False,False
bloqueo_carrito_0grados,20.0,3,-15,58.79,False,False
bloqueo_carrito_0grados,20.0,3,-20,58.92,False,False
bloqueo_carrito_0grados,20.0,3,-30,58.97,False,False
bloqueo_carrito_0grados,20.0,3,-40,58.97,False,False
bloqueo_carrito_0grados,20.0,4,-10,57.63,False,False
bloqueo_carrito_0grados,20.0,4,-13,57.63,False,False
bloqueo_carrito_0grados,20.0,4,-15,57.63,False,False
bloqueo_carrito_0grados,20.0,4,-20,57.63,False,False
bloqueo_carrito_0grados,20.0,4,-30,57.63,False,False
bloqueo_carrito_0grados,20.0,4,-40,57.63,False,False
bloqueo_carrito_0grados,30.0,1,-10,51.28,False,False
bloqueo_carrito_0grados,30.0,1,-13,51.46,False,False
bloqueo_carrito_0grados,30.0,1,-15,51.53,False,False
bloqueo_carrito_0grados,30.0,1,-20,51.61,False,False
bloqueo_carrito_0grados,30.0,1,-30,51.64,False,False
bloqueo_carrito_0grados,30.0,1,-40,51.64,False,False
bloqueo_carrito_0grados,30.0,2,-10,51.96,False,False
bloqueo_carrito_0grados,30.0,2,-13,52.12,False,False
bloqueo_carrito_0grados,30.0,2,-15,52.18,False,False
bloqueo_carrito_0grados,30.0,2,-20,52.25,False,False
bloqueo_carrito_0grados,30.0,2,-30,52.28,False,False
bloqueo_carrito_0grados,30.0,2,-40,52.28,False,False
bloqueo_carrito_0grados,30.0,3,-10,51.52,False,False
bloqueo_carrito_0grados,30.0,3,-13,51.73,False,False
bloqueo_carrito_0grados,30.0,3,-15,51.82,False,False
bloqueo_carrito_0grados,30.0,3,-20,51.91,False,False
bloqueo_carrito_0grados,30.0,3,-30,51.95,False,False
bloqueo_carrito_0grados,30.0,3,-40,51.96,False,False
bloqueo_carrito_0grados,30.0,4,-10,51.3,False,False
bloqueo_carrito_0grados,30.0,4,-13,51.32,False,False
bloqueo_carrito_0grados,30.0,4,-15,51.32,False,False
bloqueo_carrito_0grados,30.0,4,-20,51.33,False,False
bloqueo_carrito_0grados,30.0,4,-30,51.33,False,False
bloqueo_carrito_0grados,30.0,4,-40,51.33,False,False
bloqueo_carrito_0grados,40.0,1,-10,46.95,False,False
bloqueo_carrito_0grados,40.0,1,-13,47.25,False,False
bloqueo_carrito_0grados,40.0,1,-15,47.36,False,False
bloqueo_carrito_0grados,40.0,1,-20,47.49,False,False
bloqueo_carrito_0grados,40.0,1,-30,47.54,False,False
bloqueo_carrito_0grados,40.0,1,-40,47.55,False,False
bloqueo_carrito_0grados,40.0,2,-10,49.13,False,False
bloqueo_carrito_0grados,40.0,2,-13,49.31,False,False
bloqueo_carrito_0grados,40.0,2,-15,49.37,False,False
bloqueo_carrito_0grados,40.0,2,-20,49.45,False,False
bloqueo_carrito_0grados,40.0,2,-30,49.48,False,False
bloqueo_carrito_0grados,40.0,2,-40,49.49,False,False
bloqueo_carrito_0grados,40.0,3,-10,47.59,False,False
bloqueo_carrito_0grados,40.0,3,-13,47.76,False,False
bloqueo_carrito_0grados,40.0,3,-15,47.83,False,False
bloqueo_carrito_0grados,40.0,3,-20,47.91,False,False
bloqueo_carrito_0grados,40.0,3,-30,47.94,False,False
bloqueo_carrito_0grados,40.0,3,-40,47.94,False,False
bloqueo_carrito_0grados,40.0,4,-10,46.35,False,False
bloqueo_carrito_0grados,40.0,4,-13,46.4,False,False
bloqueo_carrito_0grados,40.0,4,-15,46.42,False,False
bloqueo_carrito_0grados,40.0,4,-20,46.44,False,False
bloqueo_carrito_0grados,40.0,4,-30,46.45,False,False
bloqueo_carrito_0grados,40.0,4,-40,46.45,False,False
bloqueo_carrito_0grados,50.0,1,-10,43.34,False,False
bloqueo_carrito_0grados,50.0,1,-13,43.6,False,False
bloqueo_carrito_0grados,50.0,1,-15,43.7,False,False
bloqueo_carrito_0grados,50.0,1,-20,43.81,False,False
bloqueo_carrito_0grados,50.0,1,-30,43.86,False,False
bloqueo_carrito_0grados,50.0,1,-40,43.86,False,False
bloqueo_carrito_0grados,50.0,2,-10,45.4,False,False
bloqueo_carrito_0grados,50.0,2,-13,45.54,False,False
bloqueo_carrito_0grados,50.0,2,-15,45.59,False,False
bloqueo_carrito_0grados,50.0,2,-20,45.65,False,False
bloqueo_carrito_0grados,50.0,2,-30,45.67,False,False
bloqueo_carrito_0grados,50.0,2,-40,45.67,False,False
bloqueo_carrito_0grados,50.0,3,-10,44.39,False,False
bloqueo_carrito_0grados,50.0,3,-13,44.59,False,False
bloqueo_carrito_0grados,50.0,3,-15,44.66,False,False
bloqueo_carrito_0grados,50.0,3,-20,44.75,False,False
bloqueo_carrito_0grados,50.0,3,-30,44.79,False,False
bloqueo_carrito_0grados,50.0,3,-40,44.79,False,False
bloqueo_carrito_0grados,50.0,4,-10,43.2,False,False
bloqueo_carrito_0grados,50.0,4,-13,43.29,False,False
bloqueo_carrito_0grados,50.0,4,-15,43.32,False,False
bloqueo_carrito_0grados,50.0,4,-20,43.35,False,False
bloqueo_carrito_0grados,50.0,4,-30,43.37,False,False
bloqueo_carrito_0grados,50.0,4,-40,43.37,False,False
bloqueo_carrito_0grados,60.0,1,-10,19.37,False,True
bloqueo_carrito_0grados,60.0,1,-13,19.39,False,True
bloqueo_carrito_0grados,60.0,1,-15,19.4,False,True
bloqueo_carrito_0grados,60.0,1,-20,19.41,False,True
bloqueo_carrito_0grados,60.0,1,-30,19.41,False,True
bloqueo_carrito_0grados,60.0,1,-40,33.57,False,False
bloqueo_carrito_0grados,60.0,2,-10,19.57,False,False
bloqueo_carrito_0grados,60.0,2,-13,19.58,False,False
bloqueo_carrito_0grados,60.0,2,-15,19.59,False,False
bloqueo_carrito_0grados,60.0,2,-20,19.59,False,False
bloqueo_carrito_0grados,60.0,2,-30,19.59,False,False
bloqueo_carrito_0grados,60.0,2,-40,26.08,False,False
bloqueo_carrito_0grados,60.0,3,-10,19.43,False,True
bloqueo_carrito_0grados,60.0,3,-13,19.45,False,True
bloqueo_carrito_0grados,60.0,3,-15,19.45,False,True
bloqueo_carrito_0grados,60.0,3,-20,19.46,False,True
bloqueo_carrito_0grados,60.0,3,-30,19.46,False,True
bloqueo_carrito_0grados,60.0,3,-40,30.29,False,False
bloqueo_carrito_0grados,60.0,4,-10,19.4,False,True
bloqueo_carrito_0grados,60.0,4,-13,19.41,False,True
bloqueo_carrito_0grados,60.0,4,-15,19.41,False,True
bloqueo_carrito_0grados,60.0,4,-20,19.42,False,True
bloqueo_carrito_0grados,60.0,4,-30,19.42,False,True
bloqueo_carrito_0grados,60.0,4,-40,24.02,False,False
bloqueo_carrito_0grados,70.0,1,-10,18.72,False,True
bloqueo_carrito_0grados,70.0,1,-13,18.94,False,True
bloqueo_carrito_0grados,70.0,1,-15,19.02,False,True
bloqueo_carrito_0grados,70.0,1,-20,19.11,False,True
bloqueo_carrito_0grados,70.0,1,-30,34.11,False,False
bloqueo_carrito_0grados,70.0,1,-40,54.11,False,False
bloqueo_carrito_0grados,70.0,2,-10,19.31,False,True
bloqueo_carrito_0grados,70.0,2,-13,19.32,False,True
bloqueo_carrito_0grados,70.0,2,-15,19.33,False,True
bloqueo_carrito_0grados,70.0,2,-20,19.33,False,True
bloqueo_carrito_0grados,70.0,2,-30,19.34,False,True
bloqueo_carrito_0grados,70.0,2,-40,28.8,False,False
bloqueo_carrito_0grados,70.0,3,-10,18.74,False,True
bloqueo_carrito_0grados,70.0,3,-13,18.95,False,True
bloqueo_carrito_0grados,70.0,3,-15,19.03,False,True
bloqueo_carrito_0grados,70.0,3,-20,19.13,False,True
bloqueo_carrito_0grados,70.0,3,-30,33.92,False,False
bloqueo_carrito_0grados,70.0,3,-40,53.91,False,False
bloqueo_carrito_0grados,70.0,4,-10,19.14,False,True
bloqueo_carrito_0grados,70.0,4,-13,19.14,False,True
bloqueo_carrito_0grados,70.0,4,-15,19.15,False,True
bloqueo_carrito_0grados,70.0,4,-20,19.15,False,True
bloqueo_carrito_0grados,70.0,4,-30,19.15,False,True
bloqueo_carrito_0grados,70.0,4,-40,25.63,False,False
bloqueo_carrito_0grados,80.0,1,-10,18.18,False,True
bloqueo_carrito_0grados,80.0,1,-13,18.38,False,True
bloqueo_carrito_0grados,80.0,1,-15,18.46,False,True
bloqueo_carrito_0grados,80.0,1,-20,18.55,False,True
bloqueo_carrito_0grados,80.0,1,-30,34.14,False,False
bloqueo_carrito_0grados,80.0,1,-40,54.14,False,False
bloqueo_carrito_0grados,80.0,2,-10,19.05,False,True
bloqueo_carrito_0grados,80.0,2,-13,19.09,False,True
bloqueo_carrito_0grados,80.0,2,-15,19.11,False,True
bloqueo_carrito_0grados,80.0,2,-20,19.13,False,True
bloqueo_carrito_0grados,80.0,2,-30,19.39,False,True
bloqueo_carrito_0grados,80.0,2,-40,39.39,False,False
bloqueo_carrito_0grados,80.0,3,-10,18.28,False,True
bloqueo_carrito_0grados,80.0,3,-13,18.48,False,True
bloqueo_carrito_0grados,80.0,3,-15,18.56,False,True
bloqueo_carrito_0grados,80.0,3,-20,18.65,False,True
bloqueo_carrito_0grados,80.0,3,-30,33.95,False,False
bloqueo_carrito_0grados,80.0,3,-40,53.94,False,False
bloqueo_carrito_0grados,80.0,4,-10,18.92,False,True
bloqueo_carrito_0grados,80.0,4,-13,18.96,False,True
bloqueo_carrito_0grados,80.0,4,-15,18.97,False,True
bloqueo_carrito_0grados,80.0,4,-20,18.99,False,True
bloqueo_carrito_0grados,80.0,4,-30,19.0,False,True
bloqueo_carrito_0grados,80.0,4,-40,38.63,False,False
bloqueo_carrito_0grados,90.0,1,-10,18.17,False,True
bloqueo_carrito_0grados,90.0,1,-13,18.37,False,True
bloqueo_carrito_0grados,90.0,1,-15,18.45,False,True
bloqueo_carrito_0grados,90.0,1,-20,18.54,False,True
bloqueo_carrito_0grados,90.0,1,-30,34.14,False,False
bloqueo_carrito_0grados,90.0,1,-40,54.14,False,False
bloqueo_carrito_0grados,90.0,2,-10,19.0,False,True
bloqueo_carrito_0grados,90.0,2,-13,19.04,False,True
bloqueo_carrito_0grados,90.0,2,-15,19.06,False,True
bloqueo_carrito_0grados,90.0,2,-20,19.08,False,True
bloqueo_carrito_0grados,90.0,2,-30,19.46,False,True
bloqueo_carrito_0grados,90.0,2,-40,39.46,False,False
bloqueo_carrito_0grados,90.0,3,-10,18.27,False,True
bloqueo_carrito_0grados,90.0,3,-13,18.47,False,True
bloqueo_carrito_0grados,90.0,3,-15,18.54,False,True
bloqueo_carrito_0grados,90.0,3,-20,18.63,False,True
bloqueo_carrito_0grados,90.0,3,-30,33.96,False,False
bloqueo_carrito_0grados,90.0,3,-40,53.96,False,False
bloqueo_carrito_0grados,90.0,4,-10,18.88,False,True
bloqueo_carrito_0grados,90.0,4,-13,18.91,False,True
bloqueo_carrito_0grados,90.0,4,-15,18.93,False,True
bloqueo_carrito_0grados,90.0,4,-20,18.94,False,True
bloqueo_carrito_0grados,90.0,4,-30,18.95,False,True
bloqueo_carrito_0grados,90.0,4,-40,38.62,False,False
bloqueo_carrito_15grados,10.0,1,-10,49.26,False,False
bloqueo_carrito_15grados,10.0,1,-13,49.4,False,False
bloqueo_carrito_15grados,10.0,1,-15,49.45,False,False
bloqueo_carrito_15grados,10.0,1,-20,49.51,False,False
bloqueo_carrito_15grados,10.0,1,-30,49.54,False,False
bloqueo_carrito_15grados,10.0,1,-40,49.54,False,False
bloqueo_carrito_15grados,10.0,2,-10,51.13,False,False
bloqueo_carrito_15grados,10.0,2,-13,51.13,False,False
bloqueo_carrito_15grados,10.0,2,-15,51.13,False,False
bloqueo_carrito_15grados,10.0,2,-20,51.13,False,False
bloqueo_carrito_15grados,10.0,2,-30,51.13,False,False
bloqueo_carrito_15grados,10.0,2,-40,51.13,False,False
bloqueo_carrito_15grados,10.0,3,-10,47.82,False,False
bloqueo_carrito_15grados,10.0,3,-13,48.0,False,False
bloqueo_carrito_15grados,10.0,3,-15,48.07,False,False
bloqueo_carrito_15grados,10.0,3,-20,48.15,False,False
bloqueo_carrito_15grados,10.0,3,-30,48.18,False,False
bloqueo_carrito_15grados,10.0,3,-40,48.18,False,False
bloqueo_carrito_15grados,10.0,4,-10,58.64,False,False
bloqueo_carrito_15grados,10.0,4,-13,58.85,False,False
bloqueo_carrito_15grados,10.0,4,-15,58.92,False,False
bloqueo_carrito_15grados,10.0,4,-20,59.02,False,False
bloqueo_carrito_15grados,10.0,4,-30,59.06,False,False
bloqueo_carrito_15grados,10.0,4,-40,59.06,False,False
bloqueo_carrito_15grados,20.0,1,-10,52.24,False,False
bloqueo_carrito_15grados,20.0,1,-13,52.37,False,False
bloqueo_carrito_15grados,20.0,1,-15,52.41,False,False
bloqueo_carrito_15grados,20.0,1,-20,52.47,False,False
bloqueo_carrito_15grados,20.0,1,-30,52.49,False,False
bloqueo_carrito_15grados,20.0,1,-40,52.5,False,False
bloqueo_carrito_15grados,20.0,2,-10,49.6,False,False
bloqueo_carrito_15grados,20.0,2,-13,49.73,False,False
bloqueo_carrito_15grados,20.0,2,-15,49.78,False,False
bloqueo_carrito_15grados,20.0,2,-20,49.84,False,False
bloqueo_carrito_15grados,20.0,2,-30,49.86,False,False
bloqueo_carrito_15grados,20.0,2,-40,49.86,False,False
bloqueo_carrito_15grados,20.0,3,-10,49.64,False,False
bloqueo_carrito_15grados,20.0,3,-13,49.75,False,False
bloqueo_carrito_15grados,20.0,3,-15,49.79,False,False
bloqueo_carrito_15grados,20.0,3,-20,49.84,False,False
bloqueo_carrito_15grados,20.0,3,-30,49.86,False,False
bloqueo_carrito_15grados,20.0,3,-40,49.86,False,False
bloqueo_carrito_15grados,20.0,4,-10,54.68,False,False
bloqueo_carrito_15grados,20.0,4,-13,54.74,False,False
bloqueo_carrito_15grados,20.0,4,-15,54.77,False,False
bloqueo_carrito_15grados,20.0,4,-20,54.8,False,False
bloqueo_carrito_15grados,20.0,4,-30,54.81,False,False
bloqueo_carrito_15grados,20.0,4,-40,54.81,False,False
bloqueo_carrito_15grados,30.0,1,-10,50.33,False,False
bloqueo_carrito_15grados,30.0,1,-13,50.53,False,False
bloqueo_carrito_15grados,30.0,1,-15,50.6,False,False
bloqueo_carrito_15grados,30.0,1,-20,50.69,False,False
bloqueo_carrito_15grados,30.0,1,-30,50.73,False,False
bloqueo_carrito_15grados,30.0,1,-40,50.73,False,False
bloqueo_carrito_15grados,30.0,2,-10,48.73,False,False
bloqueo_carrito_15grados,30.0,2,-13,48.92,False,False
bloqueo_carrito_15grados,30.0,2,-15,49.0,False,False
bloqueo_carrito_15grados,30.0,2,-20,49.09,False,False
bloqueo_carrito_15grados,30.0,2,-30,49.12,False,False
bloqueo_carrito_15grados,30.0,2,-40,49.13,False,False
bloqueo_carrito_15grados,30.0,3,-10,47.53,False,False
bloqueo_carrito_15grados,30.0,3,-13,47.66,False,False
bloqueo_carrito_15grados,30.0,3,-15,47.71,False,False
bloqueo_carrito_15grados,30.0,3,-20,47.77,False,False
bloqueo_carrito_15grados,30.0,3,-30,47.79,False,False
bloqueo_carrito_15grados,30.0,3,-40,47.8,False,False
bloqueo_carrito_15grados,30.0,4,-10,51.78,False,False
bloqueo_carrito_15grados,30.0,4,-13,51.86,False,False
bloqueo_carrito_15grados,30.0,4,-15,51.89,False,False
bloqueo_carrito_15grados,30.0,4,-20,51.93,False,False
bloqueo_carrito_15grados,30.0,4,-30,51.94,False,False
bloqueo_carrito_15grados,30.0,4,-40,51.95,False,False
bloqueo_carrito_15grados,40.0,1,-10,25.61,False,False
bloqueo_carrito_15grados,40.0,1,-13,25.63,False,False
bloqueo_carrito_15grados,40.0,1,-15,25.63,False,False
bloqueo_carrito_15grados,40.0,1,-20,25.64,False,False
bloqueo_carrito_15grados,40.0,1,-30,25.65,False,False
bloqueo_carrito_15grados,40.0,1,-40,26.47,False,False
bloqueo_carrito_15grados,40.0,2,-10,45.81,False,False
bloqueo_carrito_15grados,40.0,2,-13,45.99,False,False
bloqueo_carrito_15grados,40.0,2,-15,46.05,False,False
bloqueo_carrito_15grados,40.0,2,-20,46.13,False,False
bloqueo_carrito_15grados,40.0,2,-30,46.16,False,False
bloqueo_carrito_15grados,40.0,2,-40,46.16,False,False
bloqueo_carrito_15grados,40.0,3,-10,42.6,False,False
bloqueo_carrito_15grados,40.0,3,-13,42.71,False,False
bloqueo_carrito_15grados,40.0,3,-15,42.75,False,False
bloqueo_carrito_15grados,40.0,3,-20,42.8,False,False
bloqueo_carrito_15grados,40.0,3,-30,42.82,False,False
bloqueo_carrito_15grados,40.0,3,-40,42.82,False,False
bloqueo_carrito_15grados,40.0,4,-10,25.68,False,False
bloqueo_carrito_15grados,40.0,4,-13,25.69,False,False
bloqueo_carrito_15grados,40.0,4,-15,25.69,False,False
bloqueo_carrito_15grados,40.0,4,-20,25.69,False,False
bloqueo_carrito_15grados,40.0,4,-30,25.69,False,False
bloqueo_carrito_15grados,40.0,4,-40,25.69,False,False
bloqueo_carrito_15grados,50.0,1,-10,16.74,False,True
bloqueo_carrito_15grados,50.0,1,-13,16.75,False,True
bloqueo_carrito_15grados,50.0,1,-15,16.75,False,True
bloqueo_carrito_15grados,50.0,1,-20,16.76,False,True
bloqueo_carrito_15grados,50.0,1,-30,16.76,False,True
bloqueo_carrito_15grados,50.0,1,-40,30.29,False,False
bloqueo_carrito_15grados,50.0,2,-10,43.33,False,False
bloqueo_carrito_15grados,50.0,2,-13,43.51,False,False
bloqueo_carrito_15grados,50.0,2,-15,43.58,False,False
bloqueo_carrito_15grados,50.0,2,-20,43.66,False,False
bloqueo_carrito_15grados,50.0,2,-30,43.7,False,False
bloqueo_carrito_15grados,50.0,2,-40,43.7,False,False
bloqueo_carrito_15grados,50.0,3,-10,34.91,False,False
bloqueo_carrito_15grados,50.0,3,-13,37.05,False,False
bloqueo_carrito_15grados,50.0,3,-15,38.01,False,False
bloqueo_carrito_15grados,50.0,3,-20,39.27,False,False
bloqueo_carrito_15grados,50.0,3,-30,39.86,False,False
bloqueo_carrito_15grados,50.0,3,-40,57.85,False,False
bloqueo_carrito_15grados,50.0,4,-10,16.7,False,True
bloqueo_carrito_15grados,50.0,4,-13,16.7,False,True
bloqueo_carrito_15grados,50.0,4,-15,16.71,False,True
bloqueo_carrito_15grados,50.0,4,-20,16.71,False,True
bloqueo_carrito_15grados,50.0,4,-30,16.71,False,True
bloqueo_carrito_15grados,50.0,4,-40,22.01,False,False
bloqueo_carrito_15grados,60.0,1,-10,16.62,False,True
bloqueo_carrito_15grados,60.0,1,-13,16.63,False,True
bloqueo_carrito_15grados,60.0,1,-15,16.64,False,True
bloqueo_carrito_15grados,60.0,1,-20,16.64,False,True
bloqueo_carrito_15grados,60.0,1,-30,16.64,False,True
bloqueo_carrito_15grados,60.0,1,-40,32.59,False,False
bloqueo_carrito_15grados,60.0,2,-10,40.43,False,False
bloqueo_carrito_15grados,60.0,2,-13,40.58,False,False
bloqueo_carrito_15grados,60.0,2,-15,40.63,False,False
bloqueo_carrito_15grados,60.0,2,-20,40.69,False,False
bloqueo_carrito_15grados,60.0,2,-30,40.72,False,False
bloqueo_carrito_15grados,60.0,2,-40,40.72,False,False
bloqueo_carrito_15grados,60.0,3,-10,32.24,False,False
bloqueo_carrito_15grados,60.0,3,-13,33.78,False,False
bloqueo_carrito_15grados,60.0,3,-15,34.42,False,False
bloqueo_carrito_15grados,60.0,3,-20,35.24,False,False
bloqueo_carrito_15grados,60.0,3,-30,37.84,False,False
bloqueo_carrito_15grados,60.0,3,-40,57.84,False,False
bloqueo_carrito_15grados,60.0,4,-10,16.52,False,True
bloqueo_carrito_15grados,60.0,4,-13,16.57,False,True
bloqueo_carrito_15grados,60.0,4,-15,16.58,False,True
bloqueo_carrito_15grados,60.0,4,-20,16.6,False,True
bloqueo_carrito_15grados,60.0,4,-30,21.97,False,False
bloqueo_carrito_15grados,60.0,4,-40,41.97,False,False
bloqueo_carrito_15grados,70.0,1,-10,16.55,False,True
bloqueo_carrito_15grados,70.0,1,-13,16.56,False,True
bloqueo_carrito_15grados,70.0,1,-15,16.57,False,True
bloqueo_carrito_15grados,70.0,1,-20,16.57,False,True
bloqueo_carrito_15grados,70.0,1,-30,16.58,False,True
bloqueo_carrito_15grados,70.0,1,-40,33.37,False,False
bloqueo_carrito_15grados,70.0,2,-10,29.58,False,False
bloqueo_carrito_15grados,70.0,2,-13,29.63,False,False
bloqueo_carrito_15grados,70.0,2,-15,29.65,False,False
bloqueo_carrito_15grados,70.0,2,-20,29.67,False,False
bloqueo_carrito_15grados,70.0,2,-30,29.68,False,False
bloqueo_carrito_15grados,70.0,2,-40,31.59,False,False
bloqueo_carrito_15grados,70.0,3,-10,25.0,False,False
bloqueo_carrito_15grados,70.0,3,-13,25.64,False,False
bloqueo_carrito_15grados,70.0,3,-15,25.89,False,False
bloqueo_carrito_15grados,70.0,3,-20,26.19,False,False
bloqueo_carrito_15grados,70.0,3,-30,37.65,False,False
bloqueo_carrito_15grados,70.0,3,-40,57.65,False,False
bloqueo_carrito_15grados,70.0,4,-10,16.2,False,True
bloqueo_carrito_15grados,70.0,4,-13,16.24,False,True
bloqueo_carrito_15grados,70.0,4,-15,16.25,False,True
bloqueo_carrito_15grados,70.0,4,-20,16.27,False,True
bloqueo_carrito_15grados,70.0,4,-30,22.2,False,False
bloqueo_carrito_15grados,70.0,4,-40,42.2,False,False
bloqueo_carrito_15grados,80.0,1,-10,16.35,False,True
bloqueo_carrito_15grados,80.0,1,-13,16.44,False,True
bloqueo_carrito_15grados,80.0,1,-15,16.47,False,True
bloqueo_carrito_15grados,80.0,1,-20,16.51,False,True
bloqueo_carrito_15grados,80.0,1,-30,28.52,False,False
bloqueo_carrito_15grados,80.0,1,-40,48.52,False,False
bloqueo_carrito_15grados,80.0,2,-10,22.9,False,False
bloqueo_carrito_15grados,80.0,2,-13,22.93,False,False
bloqueo_carrito_15grados,80.0,2,-15,22.94,False,False
bloqueo_carrito_15grados,80.0,2,-20,22.95,False,False
bloqueo_carrito_15grados,80.0,2,-30,22.95,False,False
bloqueo_carrito_15grados,80.0,2,-40,31.68,False,False
bloqueo_carrito_15grados,80.0,3,-10,20.45,False,False
bloqueo_carrito_15grados,80.0,3,-13,20.83,False,False
bloqueo_carrito_15grados,80.0,3,-15,20.97,False,False
bloqueo_carrito_15grados,80.0,3,-20,21.14,False,False
bloqueo_carrito_15grados,80.0,3,-30,37.39,False,False
bloqueo_carrito_15grados,80.0,3,-40,57.38,False,False
bloqueo_carrito_15grados,80.0,4,-10,16.15,False,True
bloqueo_carrito_15grados,80.0,4,-13,16.2,False,True
bloqueo_carrito_15grados,80.0,4,-15,16.21,False,True
bloqueo_carrito_15grados,80.0,4,-20,16.23,False,True
bloqueo_carrito_15grados,80.0,4,-30,22.52,False,False
bloqueo_carrito_15grados,80.0,4,-40,42.51,False,False
bloqueo_carrito_15grados,90.0,1,-10,16.29,False,True
bloqueo_carrito_15grados,90.0,1,-13,16.38,False,True
bloqueo_carrito_15grados,90.0,1,-15,16.41,False,True
bloqueo_carrito_15grados,90.0,1,-20,16.45,False,True
bloqueo_carrito_15grados,90.0,1,-30,28.54,False,False
bloqueo_carrito_15grados,90.0,1,-40,48.54,False,False
bloqueo_carrito_15grados,90.0,2,-10,22.75,False,False
bloqueo_carrito_15grados,90.0,2,-13,22.78,False,False
bloqueo_carrito_15grados,90.0,2,-15,22.79,False,False
bloqueo_carrito_15grados,90.0,2,-20,22.8,False,False
bloqueo_carrito_15grados,90.0,2,-30,22.8,False,False
bloqueo_carrito_15grados,90.0,2,-40,32.25,False,False
bloqueo_carrito_15grados,90.0,3,-10,20.39,False,False
bloqueo_carrito_15grados,90.0,3,-13,20.76,False,False
bloqueo_carrito_15grados,90.0,3,-15,20.91,False,False
bloqueo_carrito_15grados,90.0,3,-20,21.08,False,False
bloqueo_carrito_15grados,90.0,3,-30,37.41,False,False
bloqueo_carrito_15grados,90.0,3,-40,57.41,False,False
bloqueo_carrito_15grados,90.0,4,-10,16.15,False,True
bloqueo_carrito_15grados,90.0,4,-13,16.19,False,True
bloqueo_carrito_15grados,90.0,4,-15,16.21,False,True
bloqueo_carrito_15grados,90.0,4,-20,16.23,False,True
bloqueo_carrito_15grados,90.0,4,-30,22.57,False,False
bloqueo_carrito_15grados,90.0,4,-40,42.56,False,False
bloqueo_carrito_30grados,10.0,1,-10,4.44,True,True
bloqueo_carrito_30grados,10.0,1,-13,10.44,True,True
bloqueo_carrito_30grados,10.0,1,-15,14.44,False,True
bloqueo_carrito_30grados,10.0,1,-20,24.44,False,False
bloqueo_carrito_30grados,10.0,1,-30,44.43,False,False
bloqueo_carrito_30grados,10.0,1,-40,63.62,False,False
bloqueo_carrito_30grados,10.0,2,-10,-0.83,True,True
bloqueo_carrito_30grados,10.0,2,-13,5.17,True,True
bloqueo_carrito_30grados,10.0,2,-15,9.17,True,True
bloqueo_carrito_30grados,10.0,2,-20,19.17,False,True
bloqueo_carrito_30grados,10.0,2,-30,39.16,False,False
bloqueo_carrito_30grados,10.0,2,-40,58.39,False,False
bloqueo_carrito_30grados,10.0,3,-10,5.46,True,True
bloqueo_carrito_30grados,10.0,3,-13,11.46,True,True
bloqueo_carrito_30grados,10.0,3,-15,15.46,False,True
bloqueo_carrito_30grados,10.0,3,-20,25.46,False,False
bloqueo_carrito_30grados,10.0,3,-30,45.45,False,False
bloqueo_carrito_30grados,10.0,3,-40,64.89,False,False
bloqueo_carrito_30grados,10.0,4,-10,6.02,True,True
bloqueo_carrito_30grados,10.0,4,-13,6.02,True,True
bloqueo_carrito_30grados,10.0,4,-15,6.02,True,True
bloqueo_carrito_30grados,10.0,4,-20,6.02,True,True
bloqueo_carrito_30grados,10.0,4,-30,6.02,True,True
bloqueo_carrito_30grados,10.0,4,-40,6.02,True,True
bloqueo_carrito_30grados,20.0,1,-10,31.23,False,False
bloqueo_carrito_30grados,20.0,1,-13,31.93,False,False
bloqueo_carrito_30grados,20.0,1,-15,32.21,False,False
bloqueo_carrito_30grados,20.0,1,-20,32.54,False,False
bloqueo_carrito_30grados,20.0,1,-30,32.68,False,False
bloqueo_carrito_30grados,20.0,1,-40,52.41,False,False
bloqueo_carrito_30grados,20.0,2,-10,26.3,False,False
bloqueo_carrito_30grados,20.0,2,-13,26.39,False,False
bloqueo_carrito_30grados,20.0,2,-15,26.43,False,False
bloqueo_carrito_30grados,20.0,2,-20,26.47,False,False
bloqueo_carrito_30grados,20.0,2,-30,26.49,False,False
bloqueo_carrito_30grados,20.0,2,-40,40.04,False,False
bloqueo_carrito_30grados,20.0,3,-10,25.68,False,False
bloqueo_carrito_30grados,20.0,3,-13,25.76,False,False
bloqueo_carrito_30grados,20.0,3,-15,25.8,False,False
bloqueo_carrito_30grados,20.0,3,-20,25.84,False,False
bloqueo_carrito_30grados,20.0,3,-30,25.85,False,False
bloqueo_carrito_30grados,20.0,3,-40,40.02,False,False
bloqueo_carrito_30grados,20.0,4,-10,34.91,False,False
bloqueo_carrito_30grados,20.0,4,-13,34.95,False,False
bloqueo_carrito_30grados,20.0,4,-15,34.97,False,False
bloqueo_carrito_30grados,20.0,4,-20,34.99,False,False
bloqueo_carrito_30grados,20.0,4,-30,34.99,False,False
bloqueo_carrito_30grados,20.0,4,-40,34.99,False,False
bloqueo_carrito_30grados,30.0,1,-10,9.01,True,True
bloqueo_carrito_30grados,30.0,1,-13,9.02,True,True
bloqueo_carrito_30grados,30.0,1,-15,9.02,True,True
bloqueo_carrito_30grados,30.0,1,-20,9.03,True,True
bloqueo_carrito_30grados,30.0,1,-30,15.81,False,True
bloqueo_carrito_30grados,30.0,1,-40,35.81,False,False
bloqueo_carrito_30grados,30.0,2,-10,39.77,False,False
bloqueo_carrito_30grados,30.0,2,-13,39.86,False,False
bloqueo_carrito_30grados,30.0,2,-15,39.89,False,False
bloqueo_carrito_30grados,30.0,2,-20,39.93,False,False
bloqueo_carrito_30grados,30.0,2,-30,39.95,False,False
bloqueo_carrito_30grados,30.0,2,-40,39.95,False,False
bloqueo_carrito_30grados,30.0,3,-10,37.83,False,False
bloqueo_carrito_30grados,30.0,3,-13,38.06,False,False
bloqueo_carrito_30grados,30.0,3,-15,38.15,False,False
bloqueo_carrito_30grados,30.0,3,-20,38.25,False,False
bloqueo_carrito_30grados,30.0,3,-30,38.3,False,False
bloqueo_carrito_30grados,30.0,3,-40,38.3,False,False
bloqueo_carrito_30grados,30.0,4,-10,9.03,True,True
bloqueo_carrito_30grados,30.0,4,-13,9.03,True,True
bloqueo_carrito_30grados,30.0,4,-15,9.03,True,True
bloqueo_carrito_30grados,30.0,4,-20,9.03,True,True
bloqueo_carrito_30grados,30.0,4,-30,9.03,True,True
bloqueo_carrito_30grados,30.0,4,-40,17.97,False,True
bloqueo_carrito_30grados,40.0,1,-10,13.83,False,True
bloqueo_carrito_30grados,40.0,1,-13,13.84,False,True
bloqueo_carrito_30grados,40.0,1,-15,13.84,False,True
bloqueo_carrito_30grados,40.0,1,-20,13.85,False,True
bloqueo_carrito_30grados,40.0,1,-30,14.72,False,True
bloqueo_carrito_30grados,40.0,1,-40,34.72,False,False
bloqueo_carrito_30grados,40.0,2,-10,41.4,False,False
bloqueo_carrito_30grados,40.0,2,-13,41.53,False,False
bloqueo_carrito_30grados,40.0,2,-15,41.58,False,False
bloqueo_carrito_30grados,40.0,2,-20,41.63,False,False
bloqueo_carrito_30grados,40.0,2,-30,41.66,False,False
bloqueo_carrito_30grados,40.0,2,-40,41.66,False,False
bloqueo_carrito_30grados,40.0,3,-10,33.54,False,False
bloqueo_carrito_30grados,40.0,3,-13,36.31,False,False
bloqueo_carrito_30grados,40.0,3,-15,37.62,False,False
bloqueo_carrito_30grados,40.0,3,-20,39.44,False,False
bloqueo_carrito_30grados,40.0,3,-30,41.15,False,False
bloqueo_carrito_30grados,40.0,3,-40,61.15,False,False
bloqueo_carrito_30grados,40.0,4,-10,13.86,False,True
bloqueo_carrito_30grados,40.0,4,-13,13.86,False,True
bloqueo_carrito_30grados,40.0,4,-15,13.86,False,True
bloqueo_carrito_30grados,40.0,4,-20,13.86,False,True
bloqueo_carrito_30grados,40.0,4,-30,13.86,False,True
bloqueo_carrito_30grados,40.0,4,-40,15.17,False,True
bloqueo_carrito_30grados,50.0,1,-10,14.36,False,True
bloqueo_carrito_30grados,50.0,1,-13,14.38,False,True
bloqueo_carrito_30grados,50.0,1,-15,14.38,False,True
bloqueo_carrito_30grados,50.0,1,-20,14.39,False,True
bloqueo_carrito_30grados,50.0,1,-30,15.22,False,True
bloqueo_carrito_30grados,50.0,1,-40,35.22,False,False
bloqueo_carrito_30grados,50.0,2,-10,39.43,False,False
bloqueo_carrito_30grados,50.0,2,-13,39.56,False,False
bloqueo_carrito_30grados,50.0,2,-15,39.6,False,False
bloqueo_carrito_30grados,50.0,2,-20,39.66,False,False
bloqueo_carrito_30grados,50.0,2,-30,39.68,False,False
bloqueo_carrito_30grados,50.0,2,-40,39.68,False,False
bloqueo_carrito_30grados,50.0,3,-10,27.72,False,False
bloqueo_carrito_30grados,50.0,3,-13,28.95,False,False
bloqueo_carrito_30grados,50.0,3,-15,29.45,False,False
bloqueo_carrito_30grados,50.0,3,-20,30.07,False,False
bloqueo_carrito_30grados,50.0,3,-30,40.41,False,False
bloqueo_carrito_30grados,50.0,3,-40,60.4,False,False
bloqueo_carrito_30grados,50.0,4,-10,14.09,False,True
bloqueo_carrito_30grados,50.0,4,-13,14.13,False,True
bloqueo_carrito_30grados,50.0,4,-15,14.15,False,True
bloqueo_carrito_30grados,50.0,4,-20,14.17,False,True
bloqueo_carrito_30grados,50.0,4,-30,24.82,False,False
bloqueo_carrito_30grados,50.0,4,-40,44.82,False,False
bloqueo_carrito_30grados,60.0,1,-10,14.27,False,True
bloqueo_carrito_30grados,60.0,1,-13,14.29,False,True
bloqueo_carrito_30grados,60.0,1,-15,14.3,False,True
bloqueo_carrito_30grados,60.0,1,-20,14.3,False,True
bloqueo_carrito_30grados,60.0,1,-30,16.2,False,True
bloqueo_carrito_30grados,60.0,1,-40,36.2,False,False
bloqueo_carrito_30grados,60.0,2,-10,38.19,False,False
bloqueo_carrito_30grados,60.0,2,-13,38.32,False,False
bloqueo_carrito_30grados,60.0,2,-15,38.37,False,False
bloqueo_carrito_30grados,60.0,2,-20,38.43,False,False
bloqueo_carrito_30grados,60.0,2,-30,38.46,False,False
bloqueo_carrito_30grados,60.0,2,-40,38.46,False,False
bloqueo_carrito_30grados,60.0,3,-10,27.48,False,False
bloqueo_carrito_30grados,60.0,3,-13,28.66,False,False
bloqueo_carrito_30grados,60.0,3,-15,29.14,False,False
bloqueo_carrito_30grados,60.0,3,-20,29.74,False,False
bloqueo_carrito_30grados,60.0,3,-30,40.39,False,False
bloqueo_carrito_30grados,60.0,3,-40,60.39,False,False
bloqueo_carrito_30grados,60.0,4,-10,13.98,False,True
bloqueo_carrito_30grados,60.0,4,-13,14.02,False,True
bloqueo_carrito_30grados,60.0,4,-15,14.04,False,True
bloqueo_carrito_30grados,60.0,4,-20,14.06,False,True
bloqueo_carrito_30grados,60.0,4,-30,25.04,False,False
bloqueo_carrito_30grados,60.0,4,-40,45.04,False,False
bloqueo_carrito_30grados,70.0,1,-10,14.18,False,True
bloqueo_carrito_30grados,70.0,1,-13,14.2,False,True
bloqueo_carrito_30grados,70.0,1,-15,14.21,False,True
bloqueo_carrito_30grados,70.0,1,-20,14.22,False,True
bloqueo_carrito_30grados,70.0,1,-30,16.76,False,True
bloqueo_carrito_30grados,70.0,1,-40,36.76,False,False
bloqueo_carrito_30grados,70.0,2,-10,36.62,False,False
bloqueo_carrito_30grados,70.0,2,-13,36.73,False,False
bloqueo_carrito_30grados,70.0,2,-15,36.78,False,False
bloqueo_carrito_30grados,70.0,2,-20,36.83,False,False
bloqueo_carrito_30grados,70.0,2,-30,36.85,False,False
bloqueo_carrito_30grados,70.0,2,-40,36.85,False,False
bloqueo_carrito_30grados,70.0,3,-10,27.16,False,False
bloqueo_carrito_30grados,70.0,3,-13,28.3,False,False
bloqueo_carrito_30grados,70.0,3,-15,28.77,False,False
bloqueo_carrito_30grados,70.0,3,-20,29.34,False,False
bloqueo_carrito_30grados,70.0,3,-30,40.39,False,False
bloqueo_carrito_30grados,70.0,3,-40,60.38,False,False
bloqueo_carrito_30grados,70.0,4,-10,13.92,False,True
bloqueo_carrito_30grados,70.0,4,-13,13.97,False,True
bloqueo_carrito_30grados,70.0,4,-15,13.98,False,True
bloqueo_carrito_30grados,70.0,4,-20,14.0,False,True
bloqueo_carrito_30grados,70.0,4,-30,25.19,False,False
bloqueo_carrito_30grados,70.0,4,-40,45.19,False,False
bloqueo_carrito_30grados,80.0,1,-10,13.78,False,True
bloqueo_carrito_30grados,80.0,1,-13,13.8,False,True
bloqueo_carrito_30grados,80.0,1,-15,13.81,False,True
bloqueo_carrito_30grados,80.0,1,-20,13.82,False,True
bloqueo_carrito_30grados,80.0,1,-30,17.12,False,True
bloqueo_carrito_30grados,80.0,1,-40,37.12,False,False
bloqueo_carrito_30grados,80.0,2,-10,34.67,False,False
bloqueo_carrito_30grados,80.0,2,-13,34.92,False,False
bloqueo_carrito_30grados,80.0,2,-15,35.01,False,False
bloqueo_carrito_30grados,80.0,2,-20,35.12,False,False
bloqueo_carrito_30grados,80.0,2,-30,35.17,False,False
bloqueo_carrito_30grados,80.0,2,-40,40.11,False,False
bloqueo_carrito_30grados,80.0,3,-10,26.89,False,False
bloqueo_carrito_30grados,80.0,3,-13,28.0,False,False
bloqueo_carrito_30grados,80.0,3,-15,28.45,False,False
bloqueo_carrito_30grados,80.0,3,-20,29.01,False,False
bloqueo_carrito_30grados,80.0,3,-30,40.41,False,False
bloqueo_carrito_30grados,80.0,3,-40,60.4,False,False
bloqueo_carrito_30grados,80.0,4,-10,13.86,False,True
bloqueo_carrito_30grados,80.0,4,-13,13.91,False,True
bloqueo_carrito_30grados,80.0,4,-15,13.93,False,True
bloqueo_carrito_30grados,80.0,4,-20,13.95,False,True
bloqueo_carrito_30grados,80.0,4,-30,25.3,False,False
bloqueo_carrito_30grados,80.0,4,-40,45.3,False,False
bloqueo_carrito_30grados,90.0,1,-10,13.76,False,True
bloqueo_carrito_30grados,90.0,1,-13,13.79,False,True
bloqueo_carrito_30grados,90.0,1,-15,13.8,False,True
bloqueo_carrito_30grados,90.0,1,-20,13.81,False,True
bloqueo_carrito_30grados,90.0,1,-30,20.75,False,False
bloqueo_carrito_30grados,90.0,1,-40,40.75,False,False
bloqueo_carrito_30grados,90.0,2,-10,29.54,False,False
bloqueo_carrito_30grados,90.0,2,-13,29.68,False,False
bloqueo_carrito_30grados,90.0,2,-15,29.73,False,False
bloqueo_carrito_30grados,90.0,2,-20,29.79,False,False
bloqueo_carrito_30grados,90.0,2,-30,29.81,False,False
bloqueo_carrito_30grados,90.0,2,-40,39.98,False,False
bloqueo_carrito_30grados,90.0,3,-10,24.41,False,False
bloqueo_carrito_30grados,90.0,3,-13,25.22,False,False
bloqueo_carrito_30grados,90.0,3,-15,25.55,False,False
bloqueo_carrito_30grados,90.0,3,-20,25.94,False,False
bloqueo_carrito_30grados,90.0,3,-30,40.29,False,False
bloqueo_carrito_30grados,90.0,3,-40,60.28,False,False
bloqueo_carrito_30grados,90.0,4,-10,13.84,False,True
bloqueo_carrito_30grados,90.0,4,-13,13.89,False,True
bloqueo_carrito_30grados,90.0,4,-15,13.91,False,True
bloqueo_carrito_30grados,90.0,4,-20,13.93,False,True
bloqueo_carrito_30grados,90.0,4,-30,25.29,False,False
bloqueo_carrito_30grados,90.0,4,-40,45.29,False,False
bloqueo_persona_0grados,10.0,1,-10,7.96,True,True
bloqueo_persona_0grados,10.0,1,-13,13.96,False,True
bloqueo_persona_0grados,10.0,1,-15,17.96,False,True
bloqueo_persona_0grados,10.0,1,-20,27.96,False,False
bloqueo_persona_0grados,10.0,1,-30,47.89,False,False
bloqueo_persona_0grados,10.0,1,-40,64.01,False,False
bloqueo_persona_0grados,10.0,2,-10,110.23,False,False
bloqueo_persona_0grados,10.0,2,-13,110.23,False,False
bloqueo_persona_0grados,10.0,2,-15,110.23,False,False
bloqueo_persona_0grados,10.0,2,-20,110.23,False,False
bloqueo_persona_0grados,10.0,2,-30,110.23,False,False
bloqueo_persona_0grados,10.0,2,-40,110.23,False,False
bloqueo_persona_0grados,10.0,3,-10,60.37,False,False
bloqueo_persona_0grados,10.0,3,-13,60.58,False,False
bloqueo_persona_0grados,10.0,3,-15,60.66,False,False
bloqueo_persona_0grados,10.0,3,-20,60.75,False,False
bloqueo_persona_0grados,10.0,3,-30,60.79,False,False
bloqueo_persona_0grados,10.0,3,-40,60.79,False,False
bloqueo_persona_0grados,10.0,4,-10,69.13,False,False
bloqueo_persona_0grados,10.0,4,-13,69.71,False,False
bloqueo_persona_0grados,10.0,4,-15,69.94,False,False
bloqueo_persona_0grados,10.0,4,-20,70.21,False,False
bloqueo_persona_0grados,10.0,4,-30,70.33,False,False
bloqueo_persona_0grados,10.0,4,-40,70.34,False,False
bloqueo_persona_0grados,20.0,1,-10,13.38,True,True
bloqueo_persona_0grados,20.0,1,-13,19.38,False,True
bloqueo_persona_0grados,20.0,1,-15,23.38,False,False
bloqueo_persona_0grados,20.0,1,-20,33.38,False,False
bloqueo_persona_0grados,20.0,1,-30,53.3,False,False
bloqueo_persona_0grados,20.0,1,-40,68.72,False,False
bloqueo_persona_0grados,20.0,2,-10,74.53,False,False
bloqueo_persona_0grados,20.0,2,-13,74.53,False,False
bloqueo_persona_0grados,20.0,2,-15,74.53,False,False
bloqueo_persona_0grados,20.0,2,-20,74.53,False,False
bloqueo_persona_0grados,20.0,2,-30,74.53,False,False
bloqueo_persona_0grados,20.0,2,-40,74.53,False,False
bloqueo_persona_0grados,20.0,3,-10,57.51,False,False
bloqueo_persona_0grados,20.0,3,-13,57.88,False,False
bloqueo_persona_0grados,20.0,3,-15,58.03,False,False
bloqueo_persona_0grados,20.0,3,-20,58.2,False,False
bloqueo_persona_0grados,20.0,3,-30,58.27,False,False
bloqueo_persona_0grados,20.0,3,-40,58.28,False,False
bloqueo_persona_0grados,20.0,4,-10,59.26,False,False
bloqueo_persona_0grados,20.0,4,-13,59.49,False,False
bloqueo_persona_0grados,20.0,4,-15,59.57,False,False
bloqueo_persona_0grados,20.0,4,-20,59.68,False,False
bloqueo_persona_0grados,20.0,4,-30,59.72,False,False
bloqueo_persona_0grados,20.0,4,-40,59.72,False,False
bloqueo_persona_0grados,30.0,1,-10,14.32,False,True
bloqueo_persona_0grados,30.0,1,-13,20.32,False,False
bloqueo_persona_0grados,30.0,1,-15,24.32,False,False
bloqueo_persona_0grados,30.0,1,-20,34.32,False,False
bloqueo_persona_0grados,30.0,1,-30,54.19,False,False
bloqueo_persona_0grados,30.0,1,-40,68.3,False,False
bloqueo_persona_0grados,30.0,2,-10,70.48,False,False
bloqueo_persona_0grados,30.0,2,-13,70.75,False,False
bloqueo_persona_0grados,30.0,2,-15,70.86,False,False
bloqueo_persona_0grados,30.0,2,-20,70.98,False,False
bloqueo_persona_0grados,30.0,2,-30,71.03,False,False
bloqueo_persona_0grados,30.0,2,-40,71.04,False,False
bloqueo_persona_0grados,30.0,3,-10,51.34,False,False
bloqueo_persona_0grados,30.0,3,-13,51.64,False,False
bloqueo_persona_0grados,30.0,3,-15,51.76,False,False
bloqueo_persona_0grados,30.0,3,-20,51.89,False,False
bloqueo_persona_0grados,30.0,3,-30,51.95,False,False
bloqueo_persona_0grados,30.0,3,-40,51.96,False,False
bloqueo_persona_0grados,30.0,4,-10,50.93,False,False
bloqueo_persona_0grados,30.0,4,-13,51.13,False,False
bloqueo_persona_0grados,30.0,4,-15,51.21,False,False
bloqueo_persona_0grados,30.0,4,-20,51.3,False,False
bloqueo_persona_0grados,30.0,4,-30,51.33,False,False
bloqueo_persona_0grados,30.0,4,-40,51.34,False,False
bloqueo_persona_0grados,40.0,1,-10,14.3,False,True
bloqueo_persona_0grados,40.0,1,-13,20.3,False,False
bloqueo_persona_0grados,40.0,1,-15,24.3,False,False
bloqueo_persona_0grados,40.0,1,-20,34.29,False,False
bloqueo_persona_0grados,40.0,1,-30,54.21,False,False
bloqueo_persona_0grados,40.0,1,-40,69.6,False,False
bloqueo_persona_0grados,40.0,2,-10,62.44,False,False
bloqueo_persona_0grados,40.0,2,-13,63.05,False,False
bloqueo_persona_0grados,40.0,2,-15,63.28,False,False
bloqueo_persona_0grados,40.0,2,-20,63.57,False,False
bloqueo_persona_0grados,40.0,2,-30,63.69,False,False
bloqueo_persona_0grados,40.0,2,-40,63.7,False,False
bloqueo_persona_0grados,40.0,3,-10,45.77,False,False
bloqueo_persona_0grados,40.0,3,-13,46.03,False,False
bloqueo_persona_0grados,40.0,3,-15,46.13,False,False
bloqueo_persona_0grados,40.0,3,-20,46.24,False,False
bloqueo_persona_0grados,40.0,3,-30,46.29,False,False
bloqueo_persona_0grados,40.0,3,-40,46.29,False,False
bloqueo_persona_0grados,40.0,4,-10,45.2,False,False
bloqueo_persona_0grados,40.0,4,-13,45.35,False,False
bloqueo_persona_0grados,40.0,4,-15,45.4,False,False
bloqueo_persona_0grados,40.0,4,-20,45.47,False,False
bloqueo_persona_0grados,40.0,4,-30,45.5,False,False
bloqueo_persona_0grados,40.0,4,-40,45.5,False,False
bloqueo_persona_0grados,50.0,1,-10,14.21,False,True
bloqueo_persona_0grados,50.0,1,-13,20.21,False,False
bloqueo_persona_0grados,50.0,1,-15,24.21,False,False
bloqueo_persona_0grados,50.0,1,-20,34.21,False,False
bloqueo_persona_0grados,50.0,1,-30,54.12,False,False
bloqueo_persona_0grados,50.0,1,-40,69.37,False,False
bloqueo_persona_0grados,50.0,2,-10,57.77,False,False
bloqueo_persona_0grados,50.0,2,-13,58.39,False,False
bloqueo_persona_0grados,50.0,2,-15,58.63,False,False
bloqueo_persona_0grados,50.0,2,-20,58.91,False,False
bloqueo_persona_0grados,50.0,2,-30,59.04,False,False
bloqueo_persona_0grados,50.0,2,-40,59.05,False,False
bloqueo_persona_0grados,50.0,3,-10,42.55,False,False
bloqueo_persona_0grados,50.0,3,-13,42.78,False,False
bloqueo_persona_0grados,50.0,3,-15,42.87,False,False
bloqueo_persona_0grados,50.0,3,-20,42.97,False,False
bloqueo_persona_0grados,50.0,3,-30,43.02,False,False
bloqueo_persona_0grados,50.0,3,-40,43.02,False,False
bloqueo_persona_0grados,50.0,4,-10,42.54,False,False
bloqueo_persona_0grados,50.0,4,-13,42.67,False,False
bloqueo_persona_0grados,50.0,4,-15,42.72,False,False
bloqueo_persona_0grados,50.0,4,-20,42.78,False,False
bloqueo_persona_0grados,50.0,4,-30,42.8,False,False
bloqueo_persona_0grados,50.0,4,-40,42.8,False,False
bloqueo_persona_0grados,60.0,1,-10,-7.79,True,True
bloqueo_persona_0grados,60.0,1,-13,-1.79,True,True
bloqueo_persona_0grados,60.0,1,-15,2.21,True,True
bloqueo_persona_0grados,60.0,1,-20,12.21,True,True
bloqueo_persona_0grados,60.0,1,-30,32.2,False,False
bloqueo_persona_0grados,60.0,1,-40,52.15,False,False
bloqueo_persona_0grados,60.0,2,-10,52.63,False,False
bloqueo_persona_0grados,60.0,2,-13,53.02,False,False
bloqueo_persona_0grados,60.0,2,-15,53.17,False,False
bloqueo_persona_0grados,60.0,2,-20,53.34,False,False
bloqueo_persona_0grados,60.0,2,-30,53.42,False,False
bloqueo_persona_0grados,60.0,2,-40,53.42,False,False
bloqueo_persona_0grados,60.0,3,-10,19.41,False,True
bloqueo_persona_0grados,60.0,3,-13,19.43,False,True
bloqueo_persona_0grados,60.0,3,-15,19.44,False,True
bloqueo_persona_0grados,60.0,3,-20,19.44,False,True
bloqueo_persona_0grados,60.0,3,-30,19.45,False,True
bloqueo_persona_0grados,60.0,3,-40,32.44,False,False
bloqueo_persona_0grados,60.0,4,-10,19.39,False,True
bloqueo_persona_0grados,60.0,4,-13,19.4,False,True
bloqueo_persona_0grados,60.0,4,-15,19.4,False,True
bloqueo_persona_0grados,60.0,4,-20,19.41,False,True
bloqueo_persona_0grados,60.0,4,-30,19.41,False,True
bloqueo_persona_0grados,60.0,4,-40,27.4,False,False
bloqueo_persona_0grados,70.0,1,-10,14.06,False,True
bloqueo_persona_0grados,70.0,1,-13,20.06,False,False
bloqueo_persona_0grados,70.0,1,-15,24.06,False,False
bloqueo_persona_0grados,70.0,1,-20,34.06,False,False
bloqueo_persona_0grados,70.0,1,-30,54.06,False,False
bloqueo_persona_0grados,70.0,1,-40,73.69,False,False
bloqueo_persona_0grados,70.0,2,-10,50.42,False,False
bloqueo_persona_0grados,70.0,2,-13,50.78,False,False
bloqueo_persona_0grados,70.0,2,-15,50.91,False,False
bloqueo_persona_0grados,70.0,2,-20,51.07,False,False
bloqueo_persona_0grados,70.0,2,-30,51.14,False,False
bloqueo_persona_0grados,70.0,2,-40,51.15,False,False
bloqueo_persona_0grados,70.0,3,-10,18.74,False,True
bloqueo_persona_0grados,70.0,3,-13,18.95,False,True
bloqueo_persona_0grados,70.0,3,-15,19.03,False,True
bloqueo_persona_0grados,70.0,3,-20,19.13,False,True
bloqueo_persona_0grados,70.0,3,-30,34.12,False,False
bloqueo_persona_0grados,70.0,3,-40,54.11,False,False
bloqueo_persona_0grados,70.0,4,-10,19.1,False,True
bloqueo_persona_0grados,70.0,4,-13,19.11,False,True
bloqueo_persona_0grados,70.0,4,-15,19.12,False,True
bloqueo_persona_0grados,70.0,4,-20,19.12,False,True
bloqueo_persona_0grados,70.0,4,-30,19.13,False,True
bloqueo_persona_0grados,70.0,4,-40,28.78,False,False
bloqueo_persona_0grados,80.0,1,-10,13.56,False,True
bloqueo_persona_0grados,80.0,1,-13,19.56,False,False
bloqueo_persona_0grados,80.0,1,-15,23.56,False,False
bloqueo_persona_0grados,80.0,1,-20,33.56,False,False
bloqueo_persona_0grados,80.0,1,-30,53.56,False,False
bloqueo_persona_0grados,80.0,1,-40,73.21,False,False
bloqueo_persona_0grados,80.0,2,-10,48.89,False,False
bloqueo_persona_0grados,80.0,2,-13,49.22,False,False
bloqueo_persona_0grados,80.0,2,-15,49.35,False,False
bloqueo_persona_0grados,80.0,2,-20,49.5,False,False
bloqueo_persona_0grados,80.0,2,-30,49.56,False,False
bloqueo_persona_0grados,80.0,2,-40,49.57,False,False
bloqueo_persona_0grados,80.0,3,-10,18.46,False,True
bloqueo_persona_0grados,80.0,3,-13,18.67,False,True
bloqueo_persona_0grados,80.0,3,-15,18.75,False,True
bloqueo_persona_0grados,80.0,3,-20,18.84,False,True
bloqueo_persona_0grados,80.0,3,-30,34.17,False,False
bloqueo_persona_0grados,80.0,3,-40,54.16,False,False
bloqueo_persona_0grados,80.0,4,-10,18.84,False,True
bloqueo_persona_0grados,80.0,4,-13,18.88,False,True
bloqueo_persona_0grados,80.0,4,-15,18.9,False,True
bloqueo_persona_0grados,80.0,4,-20,18.91,False,True
bloqueo_persona_0grados,80.0,4,-30,19.52,False,True
bloqueo_persona_0grados,80.0,4,-40,39.52,False,False
bloqueo_persona_0grados,90.0,1,-10,13.56,False,True
bloqueo_persona_0grados,90.0,1,-13,19.56,False,True
bloqueo_persona_0grados,90.0,1,-15,23.56,False,False
bloqueo_persona_0grados,90.0,1,-20,33.56,False,False
bloqueo_persona_0grados,90.0,1,-30,53.55,False,False
bloqueo_persona_0grados,90.0,1,-40,73.19,False,False
bloqueo_persona_0grados,90.0,2,-10,47.77,False,False
bloqueo_persona_0grados,90.0,2,-13,48.1,False,False
bloqueo_persona_0grados,90.0,2,-15,48.22,False,False
bloqueo_persona_0grados,90.0,2,-20,48.37,False,False
bloqueo_persona_0grados,90.0,2,-30,48.43,False,False
bloqueo_persona_0grados,90.0,2,-40,48.44,False,False
bloqueo_persona_0grados,90.0,3,-10,18.45,False,True
bloqueo_persona_0grados,90.0,3,-13,18.66,False,True
bloqueo_persona_0grados,90.0,3,-15,18.73,False,True
bloqueo_persona_0grados,90.0,3,-20,18.83,False,True
bloqueo_persona_0grados,90.0,3,-30,34.18,False,False
bloqueo_persona_0grados,90.0,3,-40,54.17,False,False
bloqueo_persona_0grados,90.0,4,-10,18.83,False,True
bloqueo_persona_0grados,90.0,4,-13,18.87,False,True
bloqueo_persona_0grados,90.0,4,-15,18.88,False,True
bloqueo_persona_0grados,90.0,4,-20,18.9,False,True
bloqueo_persona_0grados,90.0,4,-30,19.59,False,False
bloqueo_persona_0grados,90.0,4,-40,39.59,False,False
bloqueo_persona_15grados,10.0,1,-10,26.02,False,False
bloqueo_persona_15grados,10.0,1,-13,32.02,False,False
bloqueo_persona_15grados,10.0,1,-15,36.02,False,False
bloqueo_persona_15grados,10.0,1,-20,46.01,False,False
bloqueo_persona_15grados,10.0,1,-30,64.88,False,False
bloqueo_persona_15grados,10.0,1,-40,71.11,False,False
bloqueo_persona_15grados,10.0,2,-10,65.1,False,False
bloqueo_persona_15grados,10.0,2,-13,65.1,False,False
bloqueo_persona_15grados,10.0,2,-15,65.1,False,False
bloqueo_persona_15grados,10.0,2,-20,65.1,False,False
bloqueo_persona_15grados,10.0,2,-30,65.1,False,False
bloqueo_persona_15grados,10.0,2,-40,65.1,False,False
bloqueo_persona_15grados,10.0,3,-10,55.27,False,False
bloqueo_persona_15grados,10.0,3,-13,55.41,False,False
bloqueo_persona_15grados,10.0,3,-15,55.46,False,False
bloqueo_persona_15grados,10.0,3,-20,55.52,False,False
bloqueo_persona_15grados,10.0,3,-30,55.55,False,False
bloqueo_persona_15grados,10.0,3,-40,55.55,False,False
bloqueo_persona_15grados,10.0,4,-10,55.56,False,False
bloqueo_persona_15grados,10.0,4,-13,55.56,False,False
bloqueo_persona_15grados,10.0,4,-15,55.56,False,False
bloqueo_persona_15grados,10.0,4,-20,55.56,False,False
bloqueo_persona_15grados,10.0,4,-30,55.56,False,False
bloqueo_persona_15grados,10.0,4,-40,55.56,False,False
bloqueo_persona_15grados,20.0,1,-10,13.98,False,True
bloqueo_persona_15grados,20.0,1,-13,19.98,False,False
bloqueo_persona_15grados,20.0,1,-15,23.98,False,False
bloqueo_persona_15grados,20.0,1,-20,33.98,False,False
bloqueo_persona_15grados,20.0,1,-30,53.92,False,False
bloqueo_persona_15grados,20.0,1,-40,70.03,False,False
bloqueo_persona_15grados,20.0,2,-10,75.52,False,False
bloqueo_persona_15grados,20.0,2,-13,76.28,False,False
bloqueo_persona_15grados,20.0,2,-15,76.57,False,False
bloqueo_persona_15grados,20.0,2,-20,76.93,False,False
bloqueo_persona_15grados,20.0,2,-30,77.09,False,False
bloqueo_persona_15grados,20.0,2,-40,77.1,False,False
bloqueo_persona_15grados,20.0,3,-10,52.34,False,False
bloqueo_persona_15grados,20.0,3,-13,52.42,False,False
bloqueo_persona_15grados,20.0,3,-15,52.45,False,False
bloqueo_persona_15grados,20.0,3,-20,52.48,False,False
bloqueo_persona_15grados,20.0,3,-30,52.49,False,False
bloqueo_persona_15grados,20.0,3,-40,52.5,False,False
bloqueo_persona_15grados,20.0,4,-10,57.11,False,False
bloqueo_persona_15grados,20.0,4,-13,57.11,False,False
bloqueo_persona_15grados,20.0,4,-15,57.11,False,False
bloqueo_persona_15grados,20.0,4,-20,57.11,False,False
bloqueo_persona_15grados,20.0,4,-30,57.11,False,False
bloqueo_persona_15grados,20.0,4,-40,57.11,False,False
bloqueo_persona_15grados,30.0,1,-10,19.14,False,True
bloqueo_persona_15grados,30.0,1,-13,25.14,False,False
bloqueo_persona_15grados,30.0,1,-15,29.14,False,False
bloqueo_persona_15grados,30.0,1,-20,39.14,False,False
bloqueo_persona_15grados,30.0,1,-30,59.03,False,False
bloqueo_persona_15grados,30.0,1,-40,73.54,False,False
bloqueo_persona_15grados,30.0,2,-10,62.53,False,False
bloqueo_persona_15grados,30.0,2,-13,62.93,False,False
bloqueo_persona_15grados,30.0,2,-15,63.09,False,False
bloqueo_persona_15grados,30.0,2,-20,63.27,False,False
bloqueo_persona_15grados,30.0,2,-30,63.35,False,False
bloqueo_persona_15grados,30.0,2,-40,63.36,False,False
bloqueo_persona_15grados,30.0,3,-10,49.07,False,False
bloqueo_persona_15grados,30.0,3,-13,49.22,False,False
bloqueo_persona_15grados,30.0,3,-15,49.28,False,False
bloqueo_persona_15grados,30.0,3,-20,49.35,False,False
bloqueo_persona_15grados,30.0,3,-30,49.38,False,False
bloqueo_persona_15grados,30.0,3,-40,49.38,False,False
bloqueo_persona_15grados,30.0,4,-10,51.53,False,False
bloqueo_persona_15grados,30.0,4,-13,51.58,False,False
bloqueo_persona_15grados,30.0,4,-15,51.6,False,False
bloqueo_persona_15grados,30.0,4,-20,51.62,False,False
bloqueo_persona_15grados,30.0,4,-30,51.63,False,False
bloqueo_persona_15grados,30.0,4,-40,51.63,False,False
bloqueo_persona_15grados,40.0,1,-10,-2.49,True,True
bloqueo_persona_15grados,40.0,1,-13,3.51,True,True
bloqueo_persona_15grados,40.0,1,-15,7.51,True,True
bloqueo_persona_15grados,40.0,1,-20,17.51,False,True
bloqueo_persona_15grados,40.0,1,-30,37.51,False,False
bloqueo_persona_15grados,40.0,1,-40,57.41,False,False
bloqueo_persona_15grados,40.0,2,-10,54.93,False,False
bloqueo_persona_15grados,40.0,2,-13,55.31,False,False
bloqueo_persona_15grados,40.0,2,-15,55.46,False,False
bloqueo_persona_15grados,40.0,2,-20,55.63,False,False
bloqueo_persona_15grados,40.0,2,-30,55.7,False,False
bloqueo_persona_15grados,40.0,2,-40,55.71,False,False
bloqueo_persona_15grados,40.0,3,-10,44.49,False,False
bloqueo_persona_15grados,40.0,3,-13,44.62,False,False
bloqueo_persona_15grados,40.0,3,-15,44.67,False,False
bloqueo_persona_15grados,40.0,3,-20,44.73,False,False
bloqueo_persona_15grados,40.0,3,-30,44.75,False,False
bloqueo_persona_15grados,40.0,3,-40,44.76,False,False
bloqueo_persona_15grados,40.0,4,-10,25.72,False,False
bloqueo_persona_15grados,40.0,4,-13,25.72,False,False
bloqueo_persona_15grados,40.0,4,-15,25.73,False,False
bloqueo_persona_15grados,40.0,4,-20,25.73,False,False
bloqueo_persona_15grados,40.0,4,-30,25.73,False,False
bloqueo_persona_15grados,40.0,4,-40,25.73,False,False
bloqueo_persona_15grados,50.0,1,-10,-8.3,True,True
bloqueo_persona_15grados,50.0,1,-13,-2.3,True,True
bloqueo_persona_15grados,50.0,1,-15,1.7,True,True
bloqueo_persona_15grados,50.0,1,-20,11.7,True,True
bloqueo_persona_15grados,50.0,1,-30,31.7,False,False
bloqueo_persona_15grados,50.0,1,-40,51.67,False,False
bloqueo_persona_15grados,50.0,2,-10,51.35,False,False
bloqueo_persona_15grados,50.0,2,-13,51.69,False,False
bloqueo_persona_15grados,50.0,2,-15,51.83,False,False
bloqueo_persona_15grados,50.0,2,-20,51.98,False,False
bloqueo_persona_15grados,50.0,2,-30,52.05,False,False
bloqueo_persona_15grados,50.0,2,-40,52.05,False,False
bloqueo_persona_15grados,50.0,3,-10,36.04,False,False
bloqueo_persona_15grados,50.0,3,-13,38.54,False,False
bloqueo_persona_15grados,50.0,3,-15,39.68,False,False
bloqueo_persona_15grados,50.0,3,-20,41.24,False,False
bloqueo_persona_15grados,50.0,3,-30,41.98,False,False
bloqueo_persona_15grados,50.0,3,-40,57.87,False,False
bloqueo_persona_15grados,50.0,4,-10,16.78,False,True
bloqueo_persona_15grados,50.0,4,-13,16.78,False,True
bloqueo_persona_15grados,50.0,4,-15,16.78,False,True
bloqueo_persona_15grados,50.0,4,-20,16.78,False,True
bloqueo_persona_15grados,50.0,4,-30,16.78,False,True
bloqueo_persona_15grados,50.0,4,-40,20.76,False,False
bloqueo_persona_15grados,60.0,1,-10,-6.0,True,True
bloqueo_persona_15grados,60.0,1,-13,-0.0,True,True
bloqueo_persona_15grados,60.0,1,-15,4.0,True,True
bloqueo_persona_15grados,60.0,1,-20,14.0,False,True
bloqueo_persona_15grados,60.0,1,-30,34.0,False,False
bloqueo_persona_15grados,60.0,1,-40,53.95,False,False
bloqueo_persona_15grados,60.0,2,-10,48.36,False,False
bloqueo_persona_15grados,60.0,2,-13,48.69,False,False
bloqueo_persona_15grados,60.0,2,-15,48.81,False,False
bloqueo_persona_15grados,60.0,2,-20,48.95,False,False
bloqueo_persona_15grados,60.0,2,-30,49.01,False,False
bloqueo_persona_15grados,60.0,2,-40,49.02,False,False
bloqueo_persona_15grados,60.0,3,-10,33.32,False,False
bloqueo_persona_15grados,60.0,3,-13,35.09,False,False
bloqueo_persona_15grados,60.0,3,-15,35.85,False,False
bloqueo_persona_15grados,60.0,3,-20,36.84,False,False
bloqueo_persona_15grados,60.0,3,-30,37.94,False,False
bloqueo_persona_15grados,60.0,3,-40,57.93,False,False
bloqueo_persona_15grados,60.0,4,-10,16.64,False,True
bloqueo_persona_15grados,60.0,4,-13,16.69,False,True
bloqueo_persona_15grados,60.0,4,-15,16.7,False,True
bloqueo_persona_15grados,60.0,4,-20,16.72,False,True
bloqueo_persona_15grados,60.0,4,-30,22.02,False,False
bloqueo_persona_15grados,60.0,4,-40,42.02,False,False
bloqueo_persona_15grados,70.0,1,-10,-5.78,True,True
bloqueo_persona_15grados,70.0,1,-13,0.22,True,True
bloqueo_persona_15grados,70.0,1,-15,4.22,True,True
bloqueo_persona_15grados,70.0,1,-20,14.22,False,True
bloqueo_persona_15grados,70.0,1,-30,34.22,False,False
bloqueo_persona_15grados,70.0,1,-40,54.17,False,False
bloqueo_persona_15grados,70.0,2,-10,47.45,False,False
bloqueo_persona_15grados,70.0,2,-13,47.79,False,False
bloqueo_persona_15grados,70.0,2,-15,47.92,False,False
bloqueo_persona_15grados,70.0,2,-20,48.07,False,False
bloqueo_persona_15grados,70.0,2,-30,48.14,False,False
bloqueo_persona_15grados,70.0,2,-40,48.14,False,False
bloqueo_persona_15grados,70.0,3,-10,26.46,False,False
bloqueo_persona_15grados,70.0,3,-13,27.23,False,False
bloqueo_persona_15grados,70.0,3,-15,27.53,False,False
bloqueo_persona_15grados,70.0,3,-20,27.9,False,False
bloqueo_persona_15grados,70.0,3,-30,37.81,False,False
bloqueo_persona_15grados,70.0,3,-40,57.8,False,False
bloqueo_persona_15grados,70.0,4,-10,16.43,False,True
bloqueo_persona_15grados,70.0,4,-13,16.47,False,True
bloqueo_persona_15grados,70.0,4,-15,16.49,False,True
bloqueo_persona_15grados,70.0,4,-20,16.51,False,True
bloqueo_persona_15grados,70.0,4,-30,22.15,False,False
bloqueo_persona_15grados,70.0,4,-40,42.15,False,False
bloqueo_persona_15grados,80.0,1,-10,7.02,True,True
bloqueo_persona_15grados,80.0,1,-13,13.02,True,True
bloqueo_persona_15grados,80.0,1,-15,17.02,False,True
bloqueo_persona_15grados,80.0,1,-20,27.02,False,False
bloqueo_persona_15grados,80.0,1,-30,47.02,False,False
bloqueo_persona_15grados,80.0,1,-40,66.86,False,False
bloqueo_persona_15grados,80.0,2,-10,46.67,False,False
bloqueo_persona_15grados,80.0,2,-13,47.0,False,False
bloqueo_persona_15grados,80.0,2,-15,47.12,False,False
bloqueo_persona_15grados,80.0,2,-20,47.27,False,False
bloqueo_persona_15grados,80.0,2,-30,47.33,False,False
bloqueo_persona_15grados,80.0,2,-40,47.34,False,False
bloqueo_persona_15grados,80.0,3,-10,21.29,False,False
bloqueo_persona_15grados,80.0,3,-13,21.71,False,False
bloqueo_persona_15grados,80.0,3,-15,21.87,False,False
bloqueo_persona_15grados,80.0,3,-20,22.06,False,False
bloqueo_persona_15grados,80.0,3,-30,37.51,False,False
bloqueo_persona_15grados,80.0,3,-40,57.51,False,False
bloqueo_persona_15grados,80.0,4,-10,16.41,False,True
bloqueo_persona_15grados,80.0,4,-13,16.45,False,True
bloqueo_persona_15grados,80.0,4,-15,16.47,False,True
bloqueo_persona_15grados,80.0,4,-20,16.49,False,True
bloqueo_persona_15grados,80.0,4,-30,22.19,False,False
bloqueo_persona_15grados,80.0,4,-40,42.19,False,False
bloqueo_persona_15grados,90.0,1,-10,6.94,True,True
bloqueo_persona_15grados,90.0,1,-13,12.94,True,True
bloqueo_persona_15grados,90.0,1,-15,16.94,False,True
bloqueo_persona_15grados,90.0,1,-20,26.94,False,False
bloqueo_persona_15grados,90.0,1,-30,46.94,False,False
bloqueo_persona_15grados,90.0,1,-40,66.78,False,False
bloqueo_persona_15grados,90.0,2,-10,45.99,False,False
bloqueo_persona_15grados,90.0,2,-13,46.29,False,False
bloqueo_persona_15grados,90.0,2,-15,46.4,False,False
bloqueo_persona_15grados,90.0,2,-20,46.54,False,False
bloqueo_persona_15grados,90.0,2,-30,46.6,False,False
bloqueo_persona_15grados,90.0,2,-40,46.6,False,False
bloqueo_persona_15grados,90.0,3,-10,21.25,False,False
bloqueo_persona_15grados,90.0,3,-13,21.67,False,False
bloqueo_persona_15grados,90.0,3,-15,21.83,False,False
bloqueo_persona_15grados,90.0,3,-20,22.02,False,False
bloqueo_persona_15grados,90.0,3,-30,37.54,False,False
bloqueo_persona_15grados,90.0,3,-40,57.53,False,False
bloqueo_persona_15grados,90.0,4,-10,16.39,False,True
bloqueo_persona_15grados,90.0,4,-13,16.44,False,True
bloqueo_persona_15grados,90.0,4,-15,16.45,False,True
bloqueo_persona_15grados,90.0,4,-20,16.47,False,True
bloqueo_persona_15grados,90.0,4,-30,22.35,False,False
bloqueo_persona_15grados,90.0,4,-40,42.35,False,False
bloqueo_persona_30grados,10.0,1,-10,10.46,True,True
bloqueo_persona_30grados,10.0,1,-13,16.46,False,True
bloqueo_persona_30grados,10.0,1,-15,20.46,False,False
bloqueo_persona_30grados,10.0,1,-20,30.46,False,False
bloqueo_persona_30grados,10.0,1,-30,50.42,False,False
bloqueo_persona_30grados,10.0,1,-40,67.83,False,False
bloqueo_persona_30grados,10.0,2,-10,79.78,False,False
bloqueo_persona_30grados,10.0,2,-13,79.78,False,False
bloqueo_persona_30grados,10.0,2,-15,79.78,False,False
bloqueo_persona_30grados,10.0,2,-20,79.78,False,False
bloqueo_persona_30grados,10.0,2,-30,79.78,False,False
bloqueo_persona_30grados,10.0,2,-40,79.78,False,False
bloqueo_persona_30grados,10.0,3,-10,2.85,True,True
bloqueo_persona_30grados,10.0,3,-13,7.41,True,True
bloqueo_persona_30grados,10.0,3,-15,11.41,True,True
bloqueo_persona_30grados,10.0,3,-20,21.41,False,False
bloqueo_persona_30grados,10.0,3,-30,41.41,False,False
bloqueo_persona_30grados,10.0,3,-40,60.98,False,False
bloqueo_persona_30grados,10.0,4,-10,13.38,True,True
bloqueo_persona_30grados,10.0,4,-13,13.38,True,True
bloqueo_persona_30grados,10.0,4,-15,13.38,True,True
bloqueo_persona_30grados,10.0,4,-20,13.38,True,True
bloqueo_persona_30grados,10.0,4,-30,13.38,True,True
bloqueo_persona_30grados,10.0,4,-40,13.38,True,True
bloqueo_persona_30grados,20.0,1,-10,17.95,False,True
bloqueo_persona_30grados,20.0,1,-13,23.95,False,False
bloqueo_persona_30grados,20.0,1,-15,27.95,False,False
bloqueo_persona_30grados,20.0,1,-20,37.95,False,False
bloqueo_persona_30grados,20.0,1,-30,57.87,False,False
bloqueo_persona_30grados,20.0,1,-40,73.58,False,False
bloqueo_persona_30grados,20.0,2,-10,44.5,False,False
bloqueo_persona_30grados,20.0,2,-13,45.03,False,False
bloqueo_persona_30grados,20.0,2,-15,45.23,False,False
bloqueo_persona_30grados,20.0,2,-20,45.48,False,False
bloqueo_persona_30grados,20.0,2,-30,45.58,False,False
bloqueo_persona_30grados,20.0,2,-40,45.59,False,False
bloqueo_persona_30grados,20.0,3,-10,29.6,False,False
bloqueo_persona_30grados,20.0,3,-13,29.83,False,False
bloqueo_persona_30grados,20.0,3,-15,29.92,False,False
bloqueo_persona_30grados,20.0,3,-20,30.02,False,False
bloqueo_persona_30grados,20.0,3,-30,30.07,False,False
bloqueo_persona_30grados,20.0,3,-40,44.55,False,False
bloqueo_persona_30grados,20.0,4,-10,36.87,False,False
bloqueo_persona_30grados,20.0,4,-13,37.03,False,False
bloqueo_persona_30grados,20.0,4,-15,37.09,False,False
bloqueo_persona_30grados,20.0,4,-20,37.16,False,False
bloqueo_persona_30grados,20.0,4,-30,37.19,False,False
bloqueo_persona_30grados,20.0,4,-40,37.19,False,False
bloqueo_persona_30grados,30.0,1,-10,-14.52,True,True
bloqueo_persona_30grados,30.0,1,-13,-8.52,True,True
bloqueo_persona_30grados,30.0,1,-15,-4.52,True,True
bloqueo_persona_30grados,30.0,1,-20,5.48,True,True
bloqueo_persona_30grados,30.0,1,-30,25.48,False,False
bloqueo_persona_30grados,30.0,1,-40,45.48,False,False
bloqueo_persona_30grados,30.0,2,-10,53.24,False,False
bloqueo_persona_30grados,30.0,2,-13,53.76,False,False
bloqueo_persona_30grados,30.0,2,-15,53.96,False,False
bloqueo_persona_30grados,30.0,2,-20,54.21,False,False
bloqueo_persona_30grados,30.0,2,-30,54.31,False,False
bloqueo_persona_30grados,30.0,2,-40,54.32,False,False
bloqueo_persona_30grados,30.0,3,-10,40.65,False,False
bloqueo_persona_30grados,30.0,3,-13,41.0,False,False
bloqueo_persona_30grados,30.0,3,-15,41.13,False,False
bloqueo_persona_30grados,30.0,3,-20,41.29,False,False
bloqueo_persona_30grados,30.0,3,-30,41.35,False,False
bloqueo_persona_30grados,30.0,3,-40,41.36,False,False
bloqueo_persona_30grados,30.0,4,-10,9.09,True,True
bloqueo_persona_30grados,30.0,4,-13,9.09,True,True
bloqueo_persona_30grados,30.0,4,-15,9.1,True,True
bloqueo_persona_30grados,30.0,4,-20,9.1,True,True
bloqueo_persona_30grados,30.0,4,-30,9.1,True,True
bloqueo_persona_30grados,30.0,4,-40,22.03,False,False
bloqueo_persona_30grados,40.0,1,-10,-11.19,True,True
bloqueo_persona_30grados,40.0,1,-13,-5.19,True,True
bloqueo_persona_30grados,40.0,1,-15,-1.19,True,True
bloqueo_persona_30grados,40.0,1,-20,8.81,True,True
bloqueo_persona_30grados,40.0,1,-30,28.81,False,False
bloqueo_persona_30grados,40.0,1,-40,48.8,False,False
bloqueo_persona_30grados,40.0,2,-10,53.37,False,False
bloqueo_persona_30grados,40.0,2,-13,53.78,False,False
bloqueo_persona_30grados,40.0,2,-15,53.93,False,False
bloqueo_persona_30grados,40.0,2,-20,54.11,False,False
bloqueo_persona_30grados,40.0,2,-30,54.19,False,False
bloqueo_persona_30grados,40.0,2,-40,54.2,False,False
bloqueo_persona_30grados,40.0,3,-10,34.64,False,False
bloqueo_persona_30grados,40.0,3,-13,37.87,False,False
bloqueo_persona_30grados,40.0,3,-15,39.46,False,False
bloqueo_persona_30grados,40.0,3,-20,41.78,False,False
bloqueo_persona_30grados,40.0,3,-30,42.96,False,False
bloqueo_persona_30grados,40.0,3,-40,61.18,False,False
bloqueo_persona_30grados,40.0,4,-10,13.91,False,True
bloqueo_persona_30grados,40.0,4,-13,13.91,False,True
bloqueo_persona_30grados,40.0,4,-15,13.91,False,True
bloqueo_persona_30grados,40.0,4,-20,13.91,False,True
bloqueo_persona_30grados,40.0,4,-30,13.91,False,True
bloqueo_persona_30grados,40.0,4,-40,17.65,False,True
bloqueo_persona_30grados,50.0,1,-10,-8.31,True,True
bloqueo_persona_30grados,50.0,1,-13,-2.31,True,True
bloqueo_persona_30grados,50.0,1,-15,1.69,True,True
bloqueo_persona_30grados,50.0,1,-20,11.69,True,True
bloqueo_persona_30grados,50.0,1,-30,31.68,False,False
bloqueo_persona_30grados,50.0,1,-40,51.66,False,False
bloqueo_persona_30grados,50.0,2,-10,49.54,False,False
bloqueo_persona_30grados,50.0,2,-13,49.85,False,False
bloqueo_persona_30grados,50.0,2,-15,49.97,False,False
bloqueo_persona_30grados,50.0,2,-20,50.11,False,False
bloqueo_persona_30grados,50.0,2,-30,50.16,False,False
bloqueo_persona_30grados,50.0,2,-40,50.17,False,False
bloqueo_persona_30grados,50.0,3,-10,30.43,False,False
bloqueo_persona_30grados,50.0,3,-13,32.15,False,False
bloqueo_persona_30grados,50.0,3,-15,32.89,False,False
bloqueo_persona_30grados,50.0,3,-20,33.83,False,False
bloqueo_persona_30grados,50.0,3,-30,40.53,False,False
bloqueo_persona_30grados,50.0,3,-40,60.53,False,False
bloqueo_persona_30grados,50.0,4,-10,14.12,False,True
bloqueo_persona_30grados,50.0,4,-13,14.17,False,True
bloqueo_persona_30grados,50.0,4,-15,14.18,False,True
bloqueo_persona_30grados,50.0,4,-20,14.2,False,True
bloqueo_persona_30grados,50.0,4,-30,24.8,False,False
bloqueo_persona_30grados,50.0,4,-40,44.8,False,False
bloqueo_persona_30grados,60.0,1,-10,-7.7,True,True
bloqueo_persona_30grados,60.0,1,-13,-1.7,True,True
bloqueo_persona_30grados,60.0,1,-15,2.3,True,True
bloqueo_persona_30grados,60.0,1,-20,12.3,True,True
bloqueo_persona_30grados,60.0,1,-30,32.3,False,False
bloqueo_persona_30grados,60.0,1,-40,52.27,False,False
bloqueo_persona_30grados,60.0,2,-10,47.41,False,False
bloqueo_persona_30grados,60.0,2,-13,47.74,False,False
bloqueo_persona_30grados,60.0,2,-15,47.86,False,False
bloqueo_persona_30grados,60.0,2,-20,48.0,False,False
bloqueo_persona_30grados,60.0,2,-30,48.06,False,False
bloqueo_persona_30grados,60.0,2,-40,48.07,False,False
bloqueo_persona_30grados,60.0,3,-10,30.11,False,False
bloqueo_persona_30grados,60.0,3,-13,31.77,False,False
bloqueo_persona_30grados,60.0,3,-15,32.47,False,False
bloqueo_persona_30grados,60.0,3,-20,33.37,False,False
bloqueo_persona_30grados,60.0,3,-30,40.52,False,False
bloqueo_persona_30grados,60.0,3,-40,60.52,False,False
bloqueo_persona_30grados,60.0,4,-10,14.09,False,True
bloqueo_persona_30grados,60.0,4,-13,14.13,False,True
bloqueo_persona_30grados,60.0,4,-15,14.15,False,True
bloqueo_persona_30grados,60.0,4,-20,14.17,False,True
bloqueo_persona_30grados,60.0,4,-30,24.81,False,False
bloqueo_persona_30grados,60.0,4,-40,44.81,False,False
bloqueo_persona_30grados,70.0,1,-10,-7.31,True,True
bloqueo_persona_30grados,70.0,1,-13,-1.31,True,True
bloqueo_persona_30grados,70.0,1,-15,2.69,True,True
bloqueo_persona_30grados,70.0,1,-20,12.69,True,True
bloqueo_persona_30grados,70.0,1,-30,32.69,False,False
bloqueo_persona_30grados,70.0,1,-40,52.65,False,False
bloqueo_persona_30grados,70.0,2,-10,44.65,False,False
bloqueo_persona_30grados,70.0,2,-13,44.89,False,False
bloqueo_persona_30grados,70.0,2,-15,44.97,False,False
bloqueo_persona_30grados,70.0,2,-20,45.08,False,False
bloqueo_persona_30grados,70.0,2,-30,45.12,False,False
bloqueo_persona_30grados,70.0,2,-40,45.13,False,False
bloqueo_persona_30grados,70.0,3,-10,29.53,False,False
bloqueo_persona_30grados,70.0,3,-13,31.06,False,False
bloqueo_persona_30grados,70.0,3,-15,31.71,False,False
bloqueo_persona_30grados,70.0,3,-20,32.53,False,False
bloqueo_persona_30grados,70.0,3,-30,40.5,False,False
bloqueo_persona_30grados,70.0,3,-40,60.49,False,False
bloqueo_persona_30grados,70.0,4,-10,14.05,False,True
bloqueo_persona_30grados,70.0,4,-13,14.09,False,True
bloqueo_persona_30grados,70.0,4,-15,14.11,False,True
bloqueo_persona_30grados,70.0,4,-20,14.13,False,True
bloqueo_persona_30grados,70.0,4,-30,25.05,False,False
bloqueo_persona_30grados,70.0,4,-40,45.05,False,False
bloqueo_persona_30grados,80.0,1,-10,-7.27,True,True
bloqueo_persona_30grados,80.0,1,-13,-1.27,True,True
bloqueo_persona_30grados,80.0,1,-15,2.73,True,True
bloqueo_persona_30grados,80.0,1,-20,12.73,True,True
bloqueo_persona_30grados,80.0,1,-30,32.73,False,False
bloqueo_persona_30grados,80.0,1,-40,52.68,False,False
bloqueo_persona_30grados,80.0,2,-10,44.51,False,False
bloqueo_persona_30grados,80.0,2,-13,44.73,False,False
bloqueo_persona_30grados,80.0,2,-15,44.82,False,False
bloqueo_persona_30grados,80.0,2,-20,44.92,False,False
bloqueo_persona_30grados,80.0,2,-30,44.96,False,False
bloqueo_persona_30grados,80.0,2,-40,44.97,False,False
bloqueo_persona_30grados,80.0,3,-10,29.34,False,False
bloqueo_persona_30grados,80.0,3,-13,30.86,False,False
bloqueo_persona_30grados,80.0,3,-15,31.49,False,False
bloqueo_persona_30grados,80.0,3,-20,32.3,False,False
bloqueo_persona_30grados,80.0,3,-30,40.58,False,False
bloqueo_persona_30grados,80.0,3,-40,60.57,False,False
bloqueo_persona_30grados,80.0,4,-10,13.99,False,True
bloqueo_persona_30grados,80.0,4,-13,14.04,False,True
bloqueo_persona_30grados,80.0,4,-15,14.05,False,True
bloqueo_persona_30grados,80.0,4,-20,14.08,False,True
bloqueo_persona_30grados,80.0,4,-30,25.25,False,False
bloqueo_persona_30grados,80.0,4,-40,45.24,False,False
bloqueo_persona_30grados,90.0,1,-10,-3.6,True,True
bloqueo_persona_30grados,90.0,1,-13,2.4,True,True
bloqueo_persona_30grados,90.0,1,-15,6.4,True,True
bloqueo_persona_30grados,90.0,1,-20,16.4,False,True
bloqueo_persona_30grados,90.0,1,-30,36.4,False,False
bloqueo_persona_30grados,90.0,1,-40,56.34,False,False
bloqueo_persona_30grados,90.0,2,-10,44.51,False,False
bloqueo_persona_30grados,90.0,2,-13,44.74,False,False
bloqueo_persona_30grados,90.0,2,-15,44.83,False,False
bloqueo_persona_30grados,90.0,2,-20,44.93,False,False
bloqueo_persona_30grados,90.0,2,-30,44.97,False,False
bloqueo_persona_30grados,90.0,2,-40,44.97,False,False
bloqueo_persona_30grados,90.0,3,-10,26.12,False,False
bloqueo_persona_30grados,90.0,3,-13,27.14,False,False
bloqueo_persona_30grados,90.0,3,-15,27.55,False,False
bloqueo_persona_30grados,90.0,3,-20,28.05,False,False
bloqueo_persona_30grados,90.0,3,-30,40.47,False,False
bloqueo_persona_30grados,90.0,3,-40,60.46,False,False
bloqueo_persona_30grados,90.0,4,-10,13.97,False,True
bloqueo_persona_30grados,90.0,4,-13,14.02,False,True
bloqueo_persona_30grados,90.0,4,-15,14.03,False,True
bloqueo_persona_30grados,90.0,4,-20,14.06,False,True
bloqueo_persona_30grados,90.0,4,-30,25.24,False,False
bloqueo_persona_30grados,90.0,4,-40,45.24,False,False
